1 1056
1 1211
1 1
1 173
1 214
1 960
1 615
1 1
1 948
2 458
2 619
2 413
2 1
2 960
2 730
3 1
3 960
3 1
3 948
3 1
4 1
4 960
4 218
4 549
5 436
5 436
5 1
5 197
5 1
5 1
6 325
6 325
6 1042
6 1379
6 1
6 683
6 692
6 960
6 588
6 966
7 1
7 1
7 1
7 948
7 960
8 164
8 367
8 367
8 1
8 55
8 960
9 290
9 290
9 1
9 948
9 789
9 1191
10 1
10 1
10 1
10 948
10 960
11 561
11 589
11 1
11 1
11 960
12 285
12 285
12 1
12 960
12 1
12 948
13 834
13 1
13 1076
13 1024
13 1246
13 1302
13 1119
14 1
14 120
14 908
14 1001
14 1132
14 1217
14 1175
14 907
14 1303
14 881
14 1359
14 1201
14 1375
14 246
14 1321
14 1337
14 1384
14 959
14 1379
15 846
15 670
15 558
15 485
15 693
15 430
15 430
15 795
15 422
15 422
15 1286
15 2
15 529
15 68
16 859
16 935
16 2
16 935
16 467
17 2
17 20
17 44
17 354
17 354
17 44
17 354
17 354
18 151
18 2
18 1078
18 798
18 1176
18 554
18 945
18 1018
18 1133
18 473
19 2
19 628
19 710
19 33
19 487
19 487
19 487
19 973
19 497
19 293
19 293
20 2
20 710
20 783
20 84
20 502
20 578
20 631
20 573
20 572
20 809
20 210
21 2
21 237
21 851
21 1070
21 1106
21 1064
21 1066
21 162
21 1079
21 320
21 320
21 1181
21 1258
22 3
22 513
22 513
22 513
22 513
22 513
22 513
22 513
22 513
22 513
22 513
22 513
22 513
22 513
22 513
22 513
22 513
22 185
22 513
23 3
23 513
23 513
23 513
23 513
23 513
23 513
23 513
23 513
23 513
23 513
23 513
23 513
23 513
23 513
23 513
23 513
23 185
23 513
24 3
24 513
24 513
24 513
24 513
24 513
24 513
24 513
24 513
24 513
24 513
24 513
24 513
24 513
24 513
24 513
24 513
24 185
24 513
25 3
25 513
25 513
25 513
25 513
25 513
25 513
25 513
25 513
25 513
25 513
25 513
25 513
25 513
25 513
25 513
25 513
25 185
25 513
26 3
26 185
26 513
26 513
26 513
26 513
26 513
26 513
26 513
26 513
26 513
26 513
26 513
26 513
26 513
26 513
26 513
26 513
26 513
27 3
27 185
27 513
27 513
27 513
27 513
27 513
27 513
27 513
27 513
27 513
27 513
27 513
27 513
27 513
27 513
27 513
27 513
27 513
28 239
28 524
28 862
28 1162
28 3
28 185
29 430
29 430
29 1423
29 3
29 259
29 259
30 3
30 3
30 259
30 259
30 1136
31 3
31 259
31 259
31 585
31 469
32 699
32 3
32 70
32 185
32 190
32 849
33 194
33 955
33 1128
33 3
33 195
33 732
33 1077
33 719
33 942
33 1404
33 1449
33 713
33 914
33 82
33 1107
33 122
34 188
34 745
34 536
34 834
34 1092
34 460
34 3
34 999
34 322
34 322
34 998
34 1282
34 1342
34 1307
34 552
34 1438
34 1453
34 519
34 1454
34 1373
34 144
34 1451
34 1009
34 1445
34 1121
34 598
35 985
35 929
35 3
35 1338
35 1427
36 23
36 3
36 185
36 1035
36 3
36 803
36 626
36 1294
36 605
36 718
36 479
37 80
37 69
37 31
37 1169
37 3
37 1112
37 1125
37 1127
38 1071
38 3
38 1127
38 118
38 1300
38 934
38 1391
39 1006
39 3
39 1236
39 1265
39 1313
39 1312
39 624
39 866
39 687
39 779
39 1171
39 186
39 1271
39 211
39 1330
39 980
39 229
39 854
39 993
39 1414
39 1402
39 31
39 1357
39 1320
39 1220
39 1321
39 517
39 518
39 585
39 1113
39 1457
39 1267
39 1381
40 50
40 51
40 132
40 896
40 307
40 758
40 867
40 851
40 1078
40 1134
40 3
40 1119
40 1000
40 602
40 1295
40 1422
40 1269
40 987
40 1043
40 1324
40 1189
41 94
41 1019
41 861
41 930
41 1023
41 663
41 1072
41 475
41 879
41 1149
41 3
41 1084
41 1246
41 686
41 1217
41 110
41 1264
41 1142
41 1151
41 1265
41 624
41 998
41 1143
41 1304
41 830
41 1370
41 1372
41 1333
41 1307
41 1274
41 1390
41 976
41 1374
41 1419
41 1285
41 1459
41 1393
41 419
41 419
42 3
42 259
42 259
42 3
42 259
42 259
43 3
43 185
43 513
43 513
43 513
43 513
43 513
43 513
43 513
43 513
43 513
43 513
43 513
43 513
43 513
43 513
43 513
43 513
43 513
44 698
44 3
44 259
44 259
44 506
45 3
45 185
45 516
46 3
46 185
46 513
46 513
46 513
46 513
46 513
46 513
46 513
46 513
46 513
46 513
46 513
46 513
46 513
46 513
46 513
46 513
46 513
47 3
47 185
47 513
47 513
47 513
47 513
47 513
47 513
47 513
47 513
47 513
47 513
47 513
47 513
47 513
47 513
47 513
47 513
47 513
48 69
48 3
48 185
48 501
48 501
49 3
49 185
49 513
49 513
49 513
49 513
49 513
49 513
49 513
49 513
49 513
49 513
49 513
49 513
49 513
49 513
49 513
49 513
49 513
50 4
50 6
50 7
50 174
50 521
50 461
51 202
51 54
51 515
51 712
51 752
51 786
51 850
51 872
51 912
51 4
51 174
52 325
52 325
52 85
52 4
52 174
52 966
53 4
53 174
53 470
53 681
53 364
53 877
54 454
54 801
54 203
54 4
54 174
54 532
54 1257
55 587
55 587
55 4
55 174
55 451
56 298
56 298
56 4
56 7
56 174
56 521
57 1360
57 965
57 4
57 174
57 448
57 448
58 1166
58 5
58 587
58 1172
58 4
58 174
59 441
59 441
59 7
59 521
59 4
59 174
60 8
60 461
60 589
60 4
60 174
61 762
61 31
61 352
61 352
61 451
61 4
61 174
62 26
62 49
62 165
62 293
62 293
62 4
62 174
63 142
63 638
63 1082
63 4
63 174
64 5
64 7
64 521
64 5
64 171
64 202
64 202
65 5
65 7
65 521
65 7
65 521
66 922
66 4
66 174
66 7
66 521
66 5
67 66
67 307
67 307
67 717
67 54
67 515
67 304
67 304
67 663
67 908
67 1062
67 587
67 886
67 624
67 684
67 1164
67 1395
67 1348
67 5
67 461
67 7
67 521
67 462
68 373
68 373
68 5
68 4
68 174
69 203
69 470
69 4
69 174
69 6
70 203
70 705
70 1040
70 4
70 174
71 7
71 521
71 5
71 4
71 174
71 50
71 51
72 947
72 109
72 1036
72 12
72 1277
72 5
73 4
73 7
73 174
73 352
73 352
73 521
74 5
74 5
74 5
74 4
74 4
74 4
74 174
74 174
74 174
75 446
75 446
75 8
75 961
75 50
75 51
75 193
75 5
76 7
76 521
76 4
76 174
76 553
76 6
77 203
77 203
77 5
77 1140
77 4
77 174
77 606
78 1009
78 248
78 1113
78 1267
78 4
78 174
79 859
79 585
79 643
79 935
79 461
79 6
79 1043
79 5
79 480
79 85
80 4
80 174
80 320
80 320
80 461
81 5
81 5
81 5
81 8
81 66
82 5
82 4
82 4
82 174
82 174
83 630
83 676
83 587
83 630
83 676
83 5
83 630
83 676
84 50
84 51
84 4
84 174
84 182
84 1369
84 1372
85 583
85 829
85 699
85 50
85 51
85 147
85 587
85 5
86 641
86 5
86 532
86 1257
86 85
87 5
87 50
87 51
87 4
87 174
88 458
88 5
88 5
88 4
88 174
89 5
89 4
89 4
89 174
89 174
89 490
90 5
90 4
90 174
90 4
90 174
91 5
91 5
91 4
91 4
91 174
91 174
92 373
92 373
92 1418
92 1005
92 361
92 361
92 373
92 373
92 1418
92 633
92 738
92 173
92 750
92 750
92 425
92 425
92 272
92 272
92 389
92 424
92 435
92 389
92 424
92 435
92 538
92 546
92 1046
92 1096
92 1102
92 539
92 544
92 658
92 689
92 731
92 697
92 690
92 731
92 697
92 543
92 1104
92 537
92 860
92 539
92 7
92 521
92 5
92 5
92 634
92 633
92 822
92 1015
92 971
92 1110
92 876
92 396
92 396
92 1060
92 738
92 877
92 739
92 857
92 322
92 322
93 50
93 51
93 50
93 51
93 5
93 585
94 168
94 340
94 340
94 1231
94 5
95 5
95 4
95 4
95 174
95 174
96 8
96 5
96 5
96 5
96 4
96 174
96 324
96 324
97 643
97 5
97 5
97 5
97 5
98 5
98 5
98 7
98 203
98 521
98 580
98 1057
98 230
99 533
99 173
99 50
99 51
99 50
99 51
99 5
99 373
99 373
99 446
99 446
100 255
100 255
100 74
100 23
100 203
100 1386
100 940
100 1438
100 9
100 585
100 987
100 4
100 174
100 1448
100 1426
100 66
100 642
100 248
100 852
101 343
101 343
101 335
101 4
101 174
102 4
102 174
102 7
102 451
102 521
103 4
103 174
103 430
103 430
103 203
103 201
103 807
104 171
104 7
104 521
104 85
104 6
105 156
105 167
105 273
105 385
105 273
105 385
105 4
105 174
106 4
106 174
106 1227
106 461
106 1227
106 373
106 373
106 1418
106 1166
107 4
107 174
107 50
107 51
107 1028
108 4
108 174
108 7
108 66
108 521
109 4
109 7
109 174
109 521
109 50
109 51
110 8
110 553
110 4
110 174
110 403
111 61
111 27
111 4
111 174
112 4
112 174
112 561
112 1042
112 140
112 141
112 1000
112 728
113 4
113 54
113 174
113 515
113 712
113 752
113 786
113 850
113 872
113 912
114 4
114 173
114 174
114 202
114 553
115 45
115 367
115 367
115 4
115 174
116 501
116 136
116 4
116 174
116 8
117 203
117 514
117 203
117 4
117 174
118 9
118 352
118 352
118 4
118 174
119 1210
119 50
119 51
119 608
119 4
119 174
120 530
120 4
120 174
120 50
120 51
121 4
121 174
121 8
121 50
121 51
122 164
122 707
122 849
122 4
122 174
123 203
123 50
123 51
123 4
123 174
124 4
124 4
124 174
124 174
124 66
125 630
125 676
125 587
125 886
125 587
125 587
125 587
125 4
125 174
125 203
125 51
125 50
126 50
126 51
126 461
126 4
126 174
126 451
127 461
127 461
127 461
127 4
127 4
127 174
127 174
128 4
128 4
128 4
128 174
128 174
128 174
128 1090
129 4
129 4
129 4
129 174
129 174
129 174
130 85
130 4
130 4
130 4
130 4
130 4
130 4
130 174
130 174
130 174
130 174
130 174
130 174
130 203
130 461
131 4
131 50
131 51
131 85
131 174
132 7
132 44
132 354
132 354
132 521
133 203
133 461
133 4
133 7
133 174
133 521
133 8
134 373
134 373
134 1418
134 4
134 4
134 174
134 174
135 1286
135 1107
135 611
135 1410
135 308
135 308
135 7
135 521
135 135
136 4
136 4
136 174
136 174
136 606
137 4
137 4
137 4
137 174
137 174
137 174
138 482
138 4
138 174
138 7
138 521
139 165
139 553
139 4
139 174
139 4
139 174
140 4
140 174
140 451
140 4
140 174
141 80
141 7
141 8
141 451
141 461
141 521
142 8
142 66
142 7
142 173
142 451
142 521
143 453
143 4
143 4
143 174
143 174
144 195
144 7
144 50
144 51
144 521
145 342
145 342
145 338
145 338
145 79
145 7
145 521
146 52
146 177
146 178
146 587
146 587
146 587
146 587
146 587
146 7
146 521
147 4
147 174
147 203
147 1270
147 885
147 145
147 817
147 1461
148 4
148 174
148 789
148 808
148 1410
149 500
149 501
149 4
149 174
150 595
150 50
150 51
150 7
150 521
151 650
151 4
151 4
151 174
151 174
152 4
152 174
152 373
152 373
152 1418
153 4
153 7
153 7
153 7
153 174
153 521
153 521
153 521
153 553
154 4
154 7
154 174
154 461
154 521
155 4
155 4
155 174
155 174
155 324
155 324
156 54
156 515
156 712
156 752
156 786
156 850
156 872
156 912
156 4
156 174
157 203
157 577
157 203
157 7
157 521
157 928
158 1251
158 279
158 279
158 1172
158 587
158 630
158 676
158 630
158 676
158 886
158 4
158 174
158 1087
159 84
159 84
159 569
159 574
159 469
159 710
159 50
159 51
159 4
159 174
160 1131
160 4
160 174
160 847
160 666
161 533
161 7
161 521
161 944
161 75
162 4
162 174
162 4
162 174
162 4
162 174
163 4
163 174
163 832
163 50
163 51
163 741
164 7
164 54
164 515
164 521
164 712
164 752
164 786
164 850
164 872
164 912
165 199
165 448
165 448
165 7
165 521
165 840
166 64
166 532
166 1257
166 123
166 66
166 801
166 8
166 203
167 7
167 7
167 521
167 521
167 1227
168 961
168 7
168 521
168 1268
168 50
168 51
169 587
169 595
169 7
169 521
169 899
169 630
169 676
169 849
169 1124
170 7
170 7
170 521
170 521
170 886
171 630
171 676
171 587
171 7
171 7
171 521
171 521
171 203
172 4
172 4
172 4
172 174
172 174
172 174
173 168
173 8
173 66
173 448
173 448
174 720
174 4
174 174
174 293
174 293
175 7
175 521
175 21
175 24
175 922
175 325
175 325
176 591
176 749
176 1411
176 428
176 428
176 620
176 4
176 174
176 66
177 50
177 51
177 569
177 4
177 174
178 4
178 4
178 174
178 174
178 430
178 430
179 4
179 174
179 373
179 373
179 1418
180 759
180 1101
180 8
180 701
180 1043
181 7
181 521
181 94
181 674
181 110
181 974
181 1202
181 1048
182 4
182 4
182 174
182 174
182 461
182 807
183 4
183 4
183 174
183 174
183 461
184 4
184 174
184 293
184 293
184 875
185 8
185 66
185 66
185 203
185 203
186 4
186 4
186 4
186 174
186 174
186 174
187 587
187 886
187 203
187 587
187 4
187 174
187 587
187 1204
188 527
188 373
188 373
188 373
188 373
188 1418
188 925
188 373
188 373
188 8
188 54
188 515
188 712
188 752
188 786
188 850
188 872
188 912
188 1049
189 4
189 4
189 174
189 174
189 203
189 781
190 8
190 203
190 50
190 51
190 1268
191 66
191 490
191 707
191 172
191 8
191 730
191 699
191 210
191 573
191 173
191 1184
191 211
191 1443
191 1048
191 842
191 988
191 993
191 721
191 686
191 1148
191 1355
191 1357
191 945
191 439
191 439
191 145
191 817
191 246
191 439
191 439
191 931
191 1426
191 1012
191 779
191 800
191 1324
191 523
191 970
191 159
191 184
192 516
192 4
192 4
192 174
192 174
193 4
193 4
193 174
193 174
193 553
194 4
194 54
194 174
194 515
194 712
194 752
194 786
194 850
194 872
194 912
195 54
195 515
195 712
195 752
195 786
195 850
195 872
195 912
195 4
195 174
196 4
196 174
196 442
196 442
196 838
197 8
197 150
197 501
197 501
197 1077
197 1021
198 202
198 4
198 174
198 4
198 174
199 127
199 4
199 4
199 174
199 174
200 630
200 676
200 52
200 8
200 66
200 202
201 8
201 202
201 50
201 51
201 195
202 4
202 174
202 461
202 461
202 846
203 553
203 8
203 8
203 203
203 203
203 203
204 173
204 373
204 373
204 8
204 203
204 54
204 515
204 712
204 752
204 786
204 850
204 872
204 912
204 193
204 231
204 453
204 470
205 4
205 174
205 352
205 352
205 1185
205 178
205 611
205 1227
205 145
205 817
205 945
205 470
206 8
206 95
206 320
206 320
206 1113
207 8
207 8
207 373
207 373
207 1418
207 583
207 733
208 4
208 4
208 4
208 66
208 174
208 174
208 174
208 461
209 8
209 54
209 54
209 515
209 515
209 712
209 712
209 752
209 752
209 786
209 786
209 850
209 850
209 872
209 872
209 912
209 912
209 203
210 285
210 285
210 928
210 558
210 762
210 762
210 240
210 933
210 490
210 636
210 539
210 734
210 906
210 590
210 529
210 328
210 86
210 410
210 275
210 9
210 1113
211 312
211 312
211 1207
211 769
211 977
211 1188
211 1383
211 1440
211 1406
211 1384
211 964
211 1043
211 800
211 323
211 9
212 908
212 1001
212 31
212 618
212 1294
212 1467
212 248
212 1458
212 1351
212 419
212 419
212 9
212 1043
212 1113
212 585
212 1439
212 1448
212 1324
213 25
213 1043
213 585
213 1344
213 9
213 1291
214 9
214 39
214 339
214 339
214 1352
215 1001
215 908
215 924
215 742
215 723
215 1458
215 1430
215 987
215 943
215 9
216 709
216 1065
216 982
216 1091
216 1064
216 88
216 1215
216 1217
216 186
216 964
216 854
216 993
216 1383
216 9
216 987
216 1113
217 741
217 9
217 72
217 430
217 430
217 111
218 268
218 268
218 1106
218 1086
218 1052
218 678
218 1177
218 730
218 1328
218 1327
218 1219
218 987
218 1043
218 9
218 145
218 1331
218 1340
219 68
219 1184
219 1202
219 1119
219 1109
219 39
219 9
219 820
219 585
219 987
220 759
220 1072
220 1236
220 958
220 31
220 9
221 1442
221 38
221 751
221 1316
221 145
221 1343
221 9
221 1113
221 1113
221 1113
221 1113
221 987
221 959
222 714
222 228
222 694
222 74
222 1190
222 1245
222 1330
222 1176
222 1285
222 1440
222 1038
222 1154
222 1043
222 9
222 139
222 1324
222 1409
223 952
223 937
223 1092
223 1156
223 903
223 74
223 1143
223 1247
223 1467
223 1188
223 1328
223 940
223 419
223 419
223 1296
223 962
223 9
223 585
223 1365
224 583
224 1009
224 585
224 1043
224 9
224 610
224 479
225 304
225 304
225 1068
225 1173
225 102
225 1299
225 624
225 1253
225 92
225 9
225 1320
226 696
226 460
226 581
226 1119
226 209
226 1360
226 517
226 585
226 9
227 737
227 450
227 1134
227 1182
227 1359
227 1362
227 940
227 431
227 431
227 144
227 1432
227 1113
227 1043
227 987
227 39
227 987
227 1113
227 245
227 9
227 1457
227 1305
227 1331
228 517
228 1439
228 836
228 863
228 987
228 9
228 1043
228 931
228 806
228 1187
229 733
229 1017
229 796
229 460
229 1164
229 1191
229 1342
229 1077
229 1009
229 9
229 1352
230 741
230 741
230 758
230 1022
230 867
230 1089
230 885
230 489
230 1124
230 879
230 1122
230 133
230 544
230 978
230 1006
230 854
230 1169
230 871
230 792
230 788
230 1171
230 1203
230 450
230 681
230 1371
230 1372
230 1367
230 829
230 1298
230 808
230 1358
230 552
230 1277
230 50
230 50
230 51
230 51
230 1048
230 1397
230 1396
230 1419
230 842
230 1290
230 1374
230 1459
230 1284
230 577
230 1410
230 874
230 939
230 383
230 383
230 789
230 1434
230 1348
230 1295
230 1425
230 1099
230 1100
230 1326
230 554
230 746
230 1269
230 962
230 31
230 1451
230 532
230 853
230 1113
230 1008
230 9
230 9
230 987
230 1043
230 1099
230 1404
230 248
230 981
230 1355
230 1273
230 1405
230 1444
230 1430
230 1432
231 1437
231 680
231 1201
231 1440
231 1406
231 987
231 987
231 9
231 1015
231 1118
231 594
231 853
231 9
231 1043
232 699
232 717
232 307
232 307
232 745
232 25
232 304
232 304
232 758
232 819
232 936
232 949
232 581
232 1372
232 1342
232 1307
232 1412
232 976
232 1277
232 977
232 988
232 1285
232 1393
232 390
232 390
232 383
232 383
232 1434
232 962
232 941
232 9
232 1043
232 9
232 1408
233 706
233 312
233 312
233 1027
233 1112
233 1170
233 1241
233 881
233 1145
233 1400
233 1077
233 1420
233 9
233 9
233 495
233 1113
233 987
233 926
233 1331
233 323
233 39
233 122
234 717
234 726
234 1190
234 1314
234 605
234 1431
234 943
234 983
234 1346
234 1389
234 1043
234 9
234 1389
235 714
235 551
235 744
235 128
235 761
235 1170
235 1232
235 779
235 1115
235 1164
235 1462
235 1359
235 810
235 9
235 39
235 1045
235 1053
235 159
235 1379
235 1168
236 68
236 1144
236 23
236 211
236 1165
236 677
236 619
236 953
236 1109
236 904
236 1145
236 1188
236 1369
236 1349
236 1328
236 1453
236 1454
236 519
236 1397
236 1284
236 1285
236 1414
236 594
236 31
236 873
236 853
236 1220
236 1445
236 1000
236 250
236 39
236 751
236 1043
236 1043
236 1043
236 1121
236 9
236 852
237 56
237 708
237 744
237 787
237 774
237 774
237 758
237 1205
237 1158
237 1453
237 987
237 9
238 972
238 37
238 851
238 1001
238 862
238 1271
238 1145
238 976
238 1147
238 1355
238 1100
238 700
238 1405
238 1220
238 1099
238 9
238 846
238 1113
238 987
238 9
238 1043
238 1404
238 718
238 549
238 235
238 1273
238 1378
238 811
238 523
238 1275
238 1409
239 737
239 1182
239 613
239 892
239 1400
239 1158
239 1193
239 1394
239 1350
239 1098
239 390
239 390
239 1436
239 853
239 1016
239 585
239 1120
239 9
239 9
239 39
239 339
239 339
239 1043
239 1045
240 1453
240 1100
240 746
240 1355
240 883
240 246
240 1014
240 853
240 9
240 9
240 1113
240 9
240 987
240 9
240 799
240 713
240 852
240 1409
241 270
241 270
241 1115
241 211
241 612
241 1372
241 1032
241 1328
241 1396
241 409
241 409
241 1100
241 1099
241 517
241 1081
241 9
241 1404
241 1113
241 9
241 964
241 987
241 549
242 717
242 819
242 1019
242 659
242 987
242 9
242 1461
243 1440
243 1405
243 9
243 1448
243 1305
243 520
243 322
243 322
243 1365
243 1275
243 1324
243 1085
244 703
244 758
244 936
244 460
244 994
244 1066
244 97
244 1101
244 1419
244 1318
244 1326
244 1252
244 1038
244 1154
244 1118
244 987
244 9
244 1043
244 1113
244 1447
244 1453
244 610
244 1416
245 706
245 37
245 911
245 936
245 861
245 1023
245 268
245 268
245 496
245 269
245 269
245 152
245 1051
245 1236
245 995
245 1417
245 842
245 993
245 1043
245 1352
245 39
245 987
245 1120
245 1113
245 9
245 1384
245 964
245 642
245 528
245 1060
246 1143
246 186
246 1171
246 1052
246 1271
246 753
246 1311
246 958
246 1198
246 678
246 1370
246 1338
246 1139
246 1358
246 1395
246 1419
246 1374
246 854
246 1098
246 1339
246 1055
246 1269
246 1037
246 347
246 347
246 1043
246 9
246 585
246 1448
246 1378
246 970
247 1422
247 1451
247 169
247 1445
247 1113
247 9
247 987
247 38
247 1376
247 1009
247 321
247 321
247 917
247 1407
248 1027
248 938
248 1124
248 270
248 270
248 866
248 907
248 1301
248 1281
248 1109
248 1372
248 1176
248 1368
248 1334
248 1451
248 9
248 1113
248 1389
249 1129
249 1128
249 594
249 1432
249 974
249 548
249 585
249 1043
249 9
249 987
249 1113
249 926
249 39
249 520
249 852
250 896
250 963
250 1022
250 1094
250 1092
250 818
250 1047
250 1011
250 475
250 879
250 1067
250 1075
250 1125
250 1126
250 1215
250 1264
250 1236
250 1265
250 624
250 1143
250 1241
250 837
250 1052
250 1271
250 1171
250 186
250 31
250 751
250 1198
250 1330
250 557
250 968
250 1459
250 1393
250 993
250 1284
250 683
250 1436
250 1435
250 1240
250 1434
250 1414
250 1433
250 1441
250 1099
250 942
250 1016
250 1420
250 1113
250 1113
250 1113
250 1113
250 1114
250 1043
250 1043
250 987
250 987
250 987
250 987
250 585
250 9
250 1449
250 964
250 610
250 1463
251 307
251 307
251 1144
251 1152
251 1181
251 837
251 322
251 322
251 1224
251 956
251 723
251 1054
251 9
252 312
252 312
252 1129
252 866
252 205
252 1424
252 9
253 993
253 1436
253 981
253 1405
253 1219
253 1346
253 532
253 1257
253 245
253 9
253 987
253 1404
253 1316
253 1305
253 898
253 806
254 1076
254 1024
254 624
254 1200
254 1192
254 1443
254 519
254 1350
254 31
254 943
254 189
254 700
254 1016
254 517
254 1117
254 1420
254 9
254 1043
254 323
254 1471
254 642
255 706
255 551
255 252
255 536
255 94
255 949
255 759
255 660
255 1076
255 1124
255 1035
255 1190
255 1175
255 211
255 1192
255 248
255 1353
255 552
255 1454
255 1099
255 1081
255 9
255 585
255 987
255 1043
255 1117
255 1020
255 1331
255 1340
256 1188
256 1422
256 981
256 9
256 987
256 1113
256 585
257 911
257 861
257 1023
257 1208
257 1076
257 1074
257 1075
257 844
257 903
257 1258
257 1265
257 624
257 1202
257 1171
257 186
257 1245
257 723
257 1369
257 1371
257 1370
257 1360
257 1367
257 1327
257 1454
257 1390
257 1459
257 767
257 1435
257 1431
257 1038
257 1441
257 517
257 853
257 1460
257 9
257 987
257 585
257 1043
257 1113
257 1448
258 837
258 1143
258 776
258 958
258 792
258 1414
258 944
258 1445
258 9
258 9
258 9
258 1408
259 1300
259 964
259 1203
259 1243
259 904
259 1098
259 1441
259 1256
259 1043
259 9
259 1080
259 1408
259 1168
260 1071
260 1074
260 1134
260 1047
260 1091
260 1299
260 624
260 1143
260 766
260 1171
260 186
260 986
260 1336
260 976
260 993
260 409
260 409
260 1431
260 942
260 1405
260 1008
260 548
260 765
260 987
260 9
260 1043
260 1113
260 1267
260 1043
260 39
260 585
260 1331
260 1340
260 852
261 585
261 659
261 1068
261 582
261 455
261 756
261 862
261 1162
261 211
261 248
261 1109
261 1468
261 719
261 1077
261 976
261 1048
261 977
261 519
261 383
261 383
261 721
261 1141
261 810
261 1161
261 92
261 39
261 987
261 1113
261 1120
261 9
261 1043
261 339
261 339
261 479
261 321
261 549
261 523
261 1060
262 94
262 834
262 1244
262 778
262 605
262 940
262 1317
262 9
262 852
263 94
263 1074
263 1191
263 211
263 1371
263 976
263 1459
263 1284
263 419
263 419
263 448
263 448
263 1114
263 585
263 987
263 1113
263 9
263 964
263 1380
263 491
264 1256
264 9
264 339
264 339
264 1448
265 171
265 45
265 1124
265 1058
265 1173
265 1213
265 1264
265 997
265 1283
265 1299
265 1013
265 613
265 612
265 1192
265 31
265 1119
265 1082
265 613
265 618
265 928
265 1322
265 677
265 956
265 1109
265 1372
265 1349
265 1360
265 1391
265 1453
265 519
265 1453
265 1454
265 1392
265 1393
265 1194
265 1427
265 1355
265 1099
265 981
265 815
265 873
265 594
265 1357
265 944
265 1406
265 945
265 1399
265 974
265 603
265 517
265 853
265 1256
265 1220
265 250
265 1420
265 211
265 1354
265 9
265 585
265 9
265 987
265 9
265 1461
265 322
265 322
265 462
265 1365
266 312
266 312
266 774
266 972
266 819
266 1207
266 1248
266 1243
266 1098
266 941
266 39
266 1113
266 1352
266 1113
266 9
266 1267
266 882
266 1347
266 585
266 987
266 462
266 900
266 1407
267 1043
267 9
267 9
267 987
267 987
267 585
267 1113
267 520
268 18
268 737
268 621
268 280
268 280
268 757
268 895
268 1209
268 1217
268 1116
268 618
268 1188
268 409
268 1039
268 1420
268 9
268 1408
269 1372
269 1353
269 1399
269 853
269 771
269 9
269 610
270 1321
270 617
270 9
270 9
270 9
270 585
270 1043
270 1158
271 1431
271 1422
271 1440
271 962
271 1346
271 250
271 1038
271 942
271 585
271 1113
271 9
271 1043
271 9
271 1113
271 959
271 800
271 806
271 1409
272 252
272 745
272 25
272 307
272 307
272 1017
272 94
272 1022
272 1067
272 1086
272 1090
272 1253
272 882
272 1347
272 1444
272 974
272 585
272 39
272 39
272 9
272 1043
272 1316
272 852
273 1019
273 1092
273 1078
273 984
273 1124
273 97
273 1462
273 742
273 904
273 1412
273 1443
273 1277
273 1454
273 1397
273 1434
273 1430
273 962
273 1424
273 835
273 1406
273 189
273 1113
273 9
273 9
273 9
273 564
273 585
273 765
274 1072
274 1058
274 460
274 994
274 1075
274 1035
274 1127
274 110
274 997
274 1044
274 501
274 1367
274 1276
274 1274
274 1139
274 1055
274 1399
274 1081
274 1016
274 9
274 39
274 987
274 1453
274 642
275 269
275 269
275 1313
275 1294
275 9
275 1133
276 237
276 536
276 475
276 982
276 1091
276 624
276 837
276 186
276 1171
276 211
276 1052
276 31
276 964
276 928
276 968
276 1443
276 1048
276 1390
276 419
276 419
276 1414
276 1453
276 554
276 1413
276 944
276 517
276 603
276 853
276 1113
276 1043
276 9
276 987
276 1118
276 462
276 528
277 62
277 67
277 132
277 761
277 1218
277 383
277 383
277 1018
277 853
277 882
277 1347
277 1016
277 617
277 1113
277 826
277 945
277 987
277 9
277 987
277 1043
277 1113
277 1118
277 585
277 1384
277 1012
277 1331
277 847
278 496
278 1201
278 943
278 700
278 246
278 9
278 987
278 9
278 987
278 987
278 1118
278 1449
278 350
278 1186
278 852
279 492
279 211
279 9
279 9
279 585
279 585
279 1043
279 1113
279 1272
279 1189
279 1323
280 1428
280 250
280 9
280 1113
280 9
280 1113
280 9
280 9
280 987
280 9
280 350
281 1011
281 215
281 708
281 764
281 1301
281 624
281 1000
281 1353
281 1459
281 1399
281 1038
281 1016
281 1320
281 248
281 9
281 987
281 585
281 1099
281 321
281 1273
281 1324
281 1409
282 9
282 987
282 9
282 987
282 1043
282 1113
282 9
282 1376
282 1316
282 1305
282 520
282 323
282 1107
283 714
283 780
283 879
283 1063
283 1079
283 821
283 1264
283 1216
283 1236
283 1265
283 492
283 1143
283 1241
283 687
283 186
283 1171
283 999
283 31
283 729
283 1342
283 1336
283 993
283 746
283 1015
283 9
283 38
283 863
284 1276
284 1453
284 1385
284 9
284 585
284 898
284 607
285 686
285 1177
285 993
285 1295
285 1430
285 941
285 771
285 943
285 987
285 987
285 9
285 9
285 1354
285 495
285 1453
285 959
286 475
286 769
286 694
286 1307
286 1435
286 1147
286 1269
286 1440
286 1399
286 1442
286 1320
286 1016
286 518
286 974
286 585
286 987
286 585
286 9
286 987
286 1117
286 495
286 1158
286 479
286 323
286 323
286 1324
286 1379
287 702
287 1181
287 946
287 797
287 1147
287 1318
287 1430
287 1355
287 1015
287 9
287 9
287 972
288 771
288 708
288 1112
288 1214
288 110
288 1191
288 942
288 1038
288 189
288 1113
288 9
288 9
288 491
288 598
288 1408
289 737
289 705
289 1169
289 1202
289 1108
289 1188
289 1336
289 977
289 683
289 1317
289 1451
289 1326
289 1037
289 700
289 1445
289 1113
289 9
289 39
289 1449
289 1447
289 931
289 1365
289 145
289 523
290 910
290 68
290 1019
290 856
290 88
290 1181
290 1175
290 1302
290 1177
290 957
290 1145
290 1419
290 680
290 1453
290 1422
290 1451
290 112
290 1256
290 1321
290 1260
290 39
290 1352
290 987
290 987
290 9
290 9
290 1043
290 1043
290 1043
290 1113
290 1113
290 1113
290 1187
290 820
290 852
291 911
291 1180
291 1175
291 1113
291 987
291 9
292 304
292 304
292 280
292 280
292 1124
292 1051
292 585
292 870
292 987
292 1113
292 9
292 914
292 473
293 774
293 1019
293 663
293 856
293 152
293 1207
293 946
293 1302
293 998
293 1109
293 1163
293 1358
293 1459
293 1433
293 1436
293 1295
293 1414
293 1037
293 1161
293 987
293 9
293 9
293 987
294 1439
294 250
294 39
294 9
294 585
294 1043
294 9
294 9
294 9
294 339
294 339
294 914
295 708
295 307
295 307
295 1019
295 949
295 1232
295 1163
295 810
295 873
295 771
295 351
295 351
295 870
295 1043
295 9
295 987
295 9
295 1447
295 959
296 761
296 134
296 1301
296 1382
296 1298
296 1412
296 883
296 517
296 9
296 9
296 585
296 323
296 959
296 598
297 818
297 1084
297 110
297 1349
297 585
297 9
297 9
297 987
297 987
297 800
297 820
298 1132
298 1182
298 753
298 854
298 1269
298 1253
298 9
298 1113
298 1120
299 709
299 1144
299 1183
299 1202
299 1357
299 9
299 585
299 585
299 987
299 1118
299 1464
299 1326
299 1408
300 1094
300 788
300 1265
300 1052
300 624
300 974
300 1143
300 31
300 680
300 1399
300 1406
300 1354
300 1154
300 1460
300 9
300 585
300 9
300 1113
300 1113
300 931
301 867
301 1076
301 1064
301 88
301 701
301 751
301 208
301 1359
301 1374
301 1434
301 9
301 1329
302 660
302 662
302 1101
302 1082
302 1468
302 98
302 1437
302 1188
302 1405
302 9
302 1406
302 520
302 1364
302 852
302 462
303 853
303 1043
303 751
303 9
303 987
303 1407
304 936
304 955
304 1127
304 1369
304 853
304 250
304 9
304 9
304 987
304 1113
304 1457
304 970
305 863
305 617
305 987
305 9
305 9
305 987
306 1421
306 1100
306 945
306 346
306 346
306 942
306 603
306 548
306 250
306 9
306 1117
306 9
306 1456
306 820
306 39
306 718
306 1189
307 1182
307 1125
307 1314
307 1143
307 186
307 557
307 1266
307 1334
307 1433
307 1434
307 1055
307 1413
307 1444
307 836
307 9
307 9
307 585
307 9
307 987
307 1316
307 1384
307 713
308 37
308 725
308 97
308 845
308 1367
308 1368
308 1398
308 1433
308 9
308 9
308 1118
308 139
308 669
308 1409
309 985
309 1074
309 269
309 269
309 582
309 803
309 1164
309 248
309 1320
309 9
309 495
309 549
310 708
310 237
310 25
310 704
310 1001
310 761
310 1064
310 1190
310 845
310 678
310 956
310 996
310 1369
310 967
310 968
310 1443
310 1032
310 1259
310 1396
310 1393
310 686
310 189
310 1420
310 548
310 987
310 9
310 1187
310 811
311 270
311 270
311 1283
311 1234
311 928
311 207
311 258
311 258
311 968
311 1443
311 976
311 1459
311 248
311 981
311 962
311 1424
311 1357
311 853
311 189
311 1220
311 1008
311 1444
311 1460
311 1445
311 9
311 632
311 184
312 1022
312 1359
312 9
312 987
312 987
313 279
313 279
313 1005
313 448
313 448
313 731
313 181
313 237
313 745
313 307
313 307
313 911
313 861
313 1023
313 1065
313 984
313 582
313 127
313 1063
313 829
313 821
313 270
313 270
313 1170
313 1151
313 1013
313 31
313 958
313 612
313 928
313 1109
313 1368
313 723
313 1372
313 904
313 1334
313 1316
313 1048
313 1277
313 1395
313 854
313 1459
313 431
313 431
313 409
313 409
313 1373
313 1201
313 680
313 144
313 1100
313 815
313 554
313 594
313 873
313 1432
313 346
313 346
313 1037
313 1039
313 1442
313 603
313 1444
313 1008
313 532
313 1016
313 1445
313 1460
313 250
313 517
313 9
313 9
313 1113
313 1113
313 1113
313 495
313 1012
313 1291
313 1453
313 1158
313 1080
313 464
313 852
313 1275
313 1340
313 184
313 1085
313 1189
314 152
314 995
314 962
314 1113
314 9
314 1045
314 900
315 717
315 68
315 696
315 861
315 1023
315 1070
315 929
315 678
315 986
315 723
315 1386
315 9
315 1113
315 1121
315 520
316 871
316 1424
316 1405
316 246
316 853
316 1444
316 1445
316 1016
316 1439
316 1154
316 585
316 765
316 987
316 1099
316 1113
316 1117
316 9
316 9
316 585
316 9
316 1404
317 9
317 1262
317 1159
317 528
317 1272
318 945
318 1405
318 594
318 835
318 870
318 585
318 1043
318 9
318 987
318 1309
318 39
318 520
318 897
318 462
318 1378
318 1189
319 834
319 936
319 9
319 1043
319 1263
320 1092
320 1065
320 1129
320 626
320 23
320 1311
320 1108
320 602
320 212
320 431
320 431
320 767
320 1296
320 211
320 1424
320 853
320 942
320 1439
320 250
320 751
320 9
320 9
320 39
320 39
320 39
320 585
320 987
320 1043
320 1043
320 1113
320 1113
320 1352
320 1242
320 852
320 1472
320 847
320 970
321 823
321 1099
321 1440
321 771
321 835
321 853
321 942
321 1015
321 532
321 1257
321 250
321 351
321 351
321 245
321 211
321 1043
321 751
321 9
321 987
321 9
321 1113
321 339
321 339
321 9
321 9
321 9
321 987
321 9
321 9
321 964
321 1158
321 323
321 323
321 322
321 322
321 642
321 321
321 321
321 1159
321 713
321 248
321 1416
321 1408
321 1409
322 305
322 305
322 482
322 214
322 304
322 304
322 908
322 1001
322 485
322 952
322 1173
322 1051
322 490
322 1217
322 1218
322 1209
322 1241
322 687
322 1302
322 951
322 1202
322 1171
322 101
322 212
322 950
322 31
322 1052
322 1108
322 30
322 980
322 208
322 1372
322 1332
322 1298
322 1361
322 1400
322 1274
322 993
322 1055
322 767
322 1453
322 1452
322 1100
322 1099
322 603
322 245
322 1043
322 1113
322 1113
322 9
322 1376
322 1456
322 1309
322 350
322 350
322 1384
323 621
323 1094
323 1064
323 1299
323 753
323 845
323 1332
323 1284
323 1285
323 1453
323 1428
323 554
323 1252
323 943
323 853
323 245
323 1121
323 9
323 9
323 9
323 9
323 987
323 1113
323 339
323 339
323 39
323 9
323 585
323 1329
323 1407
323 1408
324 930
324 1094
324 853
324 9
324 9
324 987
324 1113
324 9
324 9
324 1113
324 1118
324 248
324 184
325 798
325 1412
325 1295
325 1252
325 1346
325 987
325 9
326 851
326 1068
326 779
326 1044
326 1082
326 1367
326 1298
326 1395
326 1453
326 680
326 1422
326 1413
326 983
326 853
326 765
326 9
326 339
326 339
326 1457
326 959
326 852
326 462
326 1407
327 1073
327 1132
327 1075
327 1063
327 134
327 1169
327 1115
327 1000
327 211
327 1192
327 928
327 995
327 1145
327 969
327 967
327 1358
327 988
327 1414
327 1451
327 1432
327 746
327 942
327 882
327 1347
327 1445
327 548
327 987
327 987
327 9
327 1404
327 1447
327 959
327 184
327 520
327 897
328 621
328 834
328 867
328 1105
328 1122
328 701
328 1013
328 826
328 942
328 1399
328 941
328 944
328 942
328 945
328 983
328 1081
328 1015
328 1441
328 974
328 943
328 346
328 346
328 1406
328 1014
328 1037
328 1038
328 942
328 1161
328 1039
328 1154
328 1114
328 9
328 39
328 518
328 1045
329 1268
329 680
329 1453
329 1432
329 346
329 346
329 1399
329 1406
329 1405
329 1039
329 1337
329 1346
329 517
329 211
329 9
329 39
329 585
329 987
329 987
329 1113
329 1457
329 1242
330 972
330 312
330 312
330 67
330 660
330 1134
330 1075
330 903
330 1125
330 932
330 1044
330 1165
330 1082
330 211
330 1342
330 1276
330 1307
330 1298
330 1139
330 1032
330 1453
330 1453
330 1393
330 1453
330 31
330 983
330 1039
330 1154
330 248
330 1043
330 1121
330 9
330 39
330 1376
330 1053
330 1329
330 1080
330 852
330 1408
331 551
331 621
331 1132
331 1006
331 755
331 1055
331 767
331 9
331 1045
331 1053
331 462
332 978
332 455
332 1079
332 1184
332 862
332 1162
332 686
332 624
332 1143
332 934
332 1164
332 1183
332 1163
332 92
332 9
332 1309
332 1409
332 1060
333 43
333 996
333 967
333 968
333 1038
333 9
333 184
334 858
334 1173
334 9
334 826
334 987
334 987
334 987
334 1043
334 9
334 1220
334 250
335 1017
335 861
335 1023
335 938
335 1075
335 270
335 270
335 1082
335 677
335 967
335 1443
335 1438
335 1454
335 1453
335 1393
335 680
335 1453
335 248
335 1201
335 1355
335 944
335 211
335 1113
335 1352
335 870
335 987
335 339
335 339
335 9
335 9
335 1379
335 1378
335 1407
336 819
336 1151
336 1198
336 1322
336 9
336 1448
337 131
337 363
337 363
337 165
337 56
337 674
337 170
337 56
337 170
337 683
337 178
337 781
337 508
337 453
337 737
337 577
337 36
337 60
337 143
337 819
337 705
337 930
337 1071
337 659
337 1065
337 818
337 897
337 228
337 74
337 1152
337 1228
337 1229
337 1216
337 110
337 687
337 322
337 322
337 1115
337 1191
337 1119
337 1192
337 742
337 891
337 248
337 678
337 214
337 1369
337 1349
337 1195
337 1077
337 1158
337 719
337 1032
337 1274
337 1277
337 1048
337 1392
337 988
337 1391
337 1394
337 1390
337 1397
337 842
337 1459
337 1285
337 594
337 815
337 31
337 873
337 746
337 1269
337 853
337 771
337 1161
337 1442
337 1445
337 517
337 9
337 9
337 585
337 870
337 1043
337 1099
337 1420
337 1456
337 1263
337 1457
337 350
337 350
337 1186
337 1155
337 1053
337 1107
337 1275
337 1379
338 984
338 879
338 1181
338 1119
338 753
338 1330
338 1382
338 1334
338 1400
338 1438
338 1351
338 767
338 144
338 944
338 853
338 594
338 1445
338 9
338 1113
338 1309
338 852
339 490
339 460
339 532
339 771
339 28
339 782
339 706
339 536
339 867
339 663
339 908
339 1001
339 660
339 1065
339 1124
339 1073
339 450
339 1105
339 779
339 211
339 1310
339 613
339 1109
339 968
339 1417
339 1395
339 1284
339 1285
339 1459
339 1194
339 409
339 409
339 431
339 431
339 144
339 815
339 31
339 835
339 38
339 245
339 564
339 863
339 1389
339 974
339 39
339 1043
339 9
339 1316
339 1344
339 1186
339 1389
339 520
339 642
339 1324
339 1085
340 955
340 1192
340 1386
340 1453
340 248
340 1188
340 1452
340 883
340 346
340 346
340 594
340 1439
340 1319
340 1113
340 1120
340 9
340 1448
340 806
341 162
341 955
341 1330
341 1295
341 9
341 323
341 323
342 302
342 302
342 803
342 946
342 1468
342 1437
342 518
342 1113
342 1113
342 9
342 585
342 9
342 9
342 987
342 987
342 852
342 1189
343 62
343 759
343 1065
343 1064
343 1322
343 1198
343 1145
343 1374
343 1055
343 603
343 1113
343 9
343 9
343 9
343 1113
343 585
343 987
343 1043
343 1120
343 1352
343 39
343 39
343 1365
344 1143
344 1171
344 1145
344 1276
344 1406
344 1445
344 1280
344 1043
344 9
344 9
344 9
344 9
344 987
344 1113
344 1121
344 339
344 339
344 350
344 632
345 1027
345 862
345 1162
345 766
345 902
345 928
345 1316
345 1327
345 988
345 1438
345 1285
345 1201
345 945
345 853
345 585
345 765
345 9
345 1043
345 1316
345 1456
345 800
345 520
345 1222
345 820
345 1060
346 63
346 972
346 994
346 1142
346 1066
346 1127
346 110
346 612
346 1145
346 1274
346 1048
346 1018
346 1113
346 9
346 145
346 1343
346 820
347 1100
347 1399
347 987
347 9
347 1113
348 663
348 779
348 974
348 613
348 723
348 1398
348 431
348 431
348 686
348 1453
348 1099
348 1429
348 826
348 1388
348 1113
348 585
348 1113
348 9
348 1043
348 987
348 1376
348 350
348 350
348 898
349 942
349 1406
349 700
349 751
349 585
349 1113
349 1121
349 9
349 987
349 987
349 1447
349 1331
349 1409
350 136
350 182
350 674
350 930
350 1073
350 1063
350 1173
350 1205
350 1126
350 974
350 1052
350 678
350 1353
350 1274
350 1453
350 1421
350 189
350 532
350 1257
350 245
350 9
350 1113
350 931
350 157
350 1366
351 62
351 818
351 9
351 1291
351 1045
352 1425
352 1385
352 853
352 39
352 9
352 248
352 1189
352 1409
353 706
353 745
353 1022
353 938
353 856
353 496
353 816
353 1288
353 837
353 1310
353 845
353 1368
353 1077
353 552
353 854
353 1284
353 993
353 1458
353 383
353 383
353 431
353 431
353 390
353 390
353 1341
353 1434
353 1295
353 554
353 1383
353 346
353 346
353 1405
353 974
353 548
353 603
353 38
353 9
353 245
353 987
353 39
353 184
353 959
353 1158
353 852
353 122
353 642
353 1060
353 1380
354 1069
354 1142
354 694
354 624
354 701
354 1192
354 830
354 208
354 1145
354 1368
354 1369
354 1298
354 1327
354 940
354 1395
354 1438
354 874
354 419
354 419
354 1431
354 815
354 853
354 189
354 594
354 245
354 1113
354 9
354 9
354 9
354 9
354 9
354 9
354 585
354 751
354 39
354 585
354 987
354 987
354 964
354 642
354 806
354 852
354 1060
354 1323
355 270
355 270
355 475
355 465
355 211
355 873
355 517
355 9
355 959
355 596
355 320
355 248
355 1409
356 790
356 1078
356 1122
356 1124
356 1069
356 1128
356 1127
356 613
356 904
356 1342
356 1277
356 1438
356 1337
356 1161
356 9
356 9
356 1043
356 751
356 139
356 1158
357 937
357 924
357 1065
357 1069
357 1126
357 756
357 599
357 999
357 1165
357 1082
357 207
357 1382
357 1362
357 1032
357 1274
357 1453
357 1454
357 874
357 1351
357 721
357 1357
357 1014
357 1253
357 1445
357 9
357 987
357 1113
357 1118
357 473
357 1416
357 1378
358 1182
358 684
358 211
358 701
358 1247
358 1469
358 730
358 229
358 1158
358 1387
358 683
358 169
358 686
358 1018
358 1280
358 9
359 908
359 1001
359 100
359 862
359 1162
359 1165
359 1243
359 501
359 1361
359 1386
359 1077
359 1285
359 1284
359 1432
359 1239
359 9
359 987
359 585
359 1043
359 1113
359 1118
359 713
359 1407
360 774
360 37
360 834
360 1128
360 31
360 845
360 830
360 1147
360 1318
360 9
360 585
360 852
360 1324
361 1112
361 1316
361 144
361 169
361 1440
361 751
361 9
361 1043
361 1449
362 714
362 758
362 662
362 1203
362 31
362 1458
362 1167
362 835
362 594
362 250
362 585
362 9
362 321
362 321
362 1324
363 561
363 208
363 735
363 663
363 936
363 163
363 1180
363 1175
363 1052
363 1013
363 766
363 492
363 612
363 958
363 618
363 557
363 678
363 602
363 956
363 204
363 980
363 1109
363 730
363 1188
363 1145
363 723
363 1332
363 1342
363 1276
363 1333
363 1316
363 1298
363 719
363 1412
363 1327
363 1438
363 1350
363 1436
363 1414
363 686
363 1317
363 248
363 680
363 1453
363 211
363 1422
363 1430
363 1425
363 1355
363 1201
363 594
363 169
363 873
363 31
363 1399
363 517
363 700
363 853
363 1008
363 815
363 1424
363 250
363 1420
363 347
363 987
363 1043
363 9
363 1113
363 1325
363 1357
363 987
363 1038
363 974
363 1316
363 800
363 820
363 235
363 914
363 811
363 1275
364 153
364 268
364 268
364 803
364 74
364 1313
364 1145
364 1318
364 1399
364 1442
364 1325
364 1043
364 9
364 1113
364 1118
364 211
364 1447
364 1309
364 82
365 1429
365 1014
365 1439
365 9
365 1043
365 1344
365 1053
365 847
366 1119
366 721
366 683
366 248
366 1452
366 810
366 1460
366 1439
366 987
366 9
366 1043
366 1113
366 585
366 585
366 1384
366 806
367 705
367 895
367 1314
367 1119
367 419
367 419
367 942
367 853
367 594
367 1015
367 1319
367 1113
367 9
367 1118
367 1043
367 549
367 1378
367 1407
368 1078
368 818
368 1129
368 1180
368 118
368 1234
368 1188
368 1039
368 517
368 246
368 1346
368 347
368 347
368 9
368 9
368 847
368 1408
369 561
369 307
369 307
369 955
369 1218
369 1311
369 1281
369 1203
369 845
369 1240
369 826
369 1357
369 700
369 1009
369 882
369 1347
369 517
369 9
369 1113
369 9
369 987
369 585
369 1384
369 852
369 948
369 607
369 1340
370 582
370 1069
370 1064
370 1287
370 1383
370 594
370 826
370 1037
370 941
370 603
370 9
370 1113
370 9
370 585
370 987
370 1118
371 974
371 9
371 1113
371 1305
371 1381
371 321
371 1408
371 1409
372 237
372 474
372 1190
372 1264
372 1265
372 1370
372 1368
372 1443
372 1414
372 1431
372 1424
372 1405
372 1015
372 532
372 1257
372 9
372 585
372 1099
373 834
373 844
373 1184
373 1181
373 862
373 1162
373 562
373 999
373 934
373 1307
373 719
373 1077
373 683
373 1188
373 962
373 1460
373 9
373 1043
373 1113
373 751
373 1155
373 39
373 322
373 322
373 806
373 607
374 460
374 1181
374 904
374 1339
374 1140
374 1399
374 1439
374 585
374 9
374 1309
374 1329
374 1340
374 1273
374 1085
375 1068
375 814
375 1069
375 694
375 23
375 769
375 1370
375 1307
375 1328
375 1432
375 9
375 1113
375 987
375 585
375 1121
376 496
376 782
376 320
376 320
376 1115
376 964
376 618
376 845
376 1095
376 1055
376 810
376 1425
376 771
376 1442
376 1445
376 1389
376 1043
376 9
376 585
376 1113
376 39
376 145
376 1343
376 520
376 632
376 642
376 852
376 235
376 1107
376 811
377 983
377 603
377 9
377 836
377 751
377 799
377 1155
377 1379
378 1124
378 1105
378 1141
378 1283
378 1151
378 928
378 957
378 1400
378 1453
378 383
378 383
378 1269
378 1464
378 1406
378 603
378 351
378 351
378 9
378 987
378 9
378 1113
378 1121
378 897
378 473
378 1159
378 159
378 1408
379 1132
379 455
379 997
379 613
379 776
379 729
379 1188
379 1368
379 1276
379 904
379 1333
379 1048
379 721
379 767
379 873
379 517
379 1337
379 1015
379 1253
379 9
379 585
379 987
379 1113
379 1365
379 1364
379 852
380 594
380 853
380 1219
380 1439
380 9
380 339
380 339
380 1113
380 1053
380 852
381 246
381 853
381 882
381 1347
381 1161
381 347
381 347
381 9
381 1389
381 1376
381 974
381 820
381 1380
381 852
381 598
382 9
382 39
382 862
382 806
382 852
382 1379
382 1366
383 758
383 37
383 269
383 269
383 1086
383 1173
383 691
383 816
383 928
383 1462
383 678
383 1360
383 1400
383 419
383 419
383 815
383 9
383 1113
383 1186
383 1187
383 914
383 523
383 235
383 1275
383 811
384 759
384 818
384 1127
384 9
384 987
384 1113
384 1121
384 585
384 39
384 139
384 642
385 1057
385 35
385 237
385 496
385 1073
385 1090
385 1024
385 1169
385 1313
385 830
385 31
385 1188
385 1370
385 976
385 977
385 1419
385 1436
385 1435
385 810
385 1161
385 1444
385 1420
385 9
385 585
385 1043
385 1426
385 1133
385 1085
385 1366
386 31
386 766
386 1332
386 519
386 431
386 431
386 942
386 9
387 796
387 1067
387 1051
387 1139
387 767
387 826
387 1320
387 9
387 585
387 987
387 1329
387 1380
387 1133
387 970
388 759
388 753
388 1044
388 983
388 9
388 1453
389 1405
389 532
389 1257
389 9
389 1113
389 811
390 745
390 911
390 955
390 86
390 687
390 1299
390 779
390 209
390 1372
390 1098
390 1100
390 974
390 9
390 1113
390 39
390 987
390 322
390 322
390 1043
390 1364
390 1189
390 1323
391 1207
391 1248
391 1382
391 748
391 1032
391 1048
391 1397
391 1390
391 1269
391 9
391 585
391 987
391 1453
392 997
392 1393
392 9
392 751
392 1409
393 758
393 949
393 1073
393 1075
393 1079
393 853
393 9
393 39
393 1043
393 1113
393 585
393 987
393 1121
393 852
393 1379
394 659
394 582
394 1134
394 102
394 211
394 1119
394 766
394 729
394 1203
394 881
394 1349
394 940
394 993
394 431
394 431
394 1201
394 1399
394 1037
394 518
394 211
394 9
394 987
394 1043
394 1263
395 659
395 1065
395 958
395 618
395 1244
395 1372
395 1201
395 532
395 1257
395 1113
395 9
395 39
395 523
396 1022
396 30
396 228
396 1035
396 999
396 974
396 957
396 979
396 1174
396 1358
396 419
396 419
396 1406
396 1009
396 9
396 9
397 111
397 147
397 907
397 9
397 39
397 606
398 706
398 774
398 1182
398 1163
398 552
398 1358
398 1048
398 1419
398 1458
398 554
398 1113
398 9
398 987
399 706
399 861
399 1023
399 1160
399 9
399 39
399 585
399 1113
399 800
399 642
400 780
400 1051
400 1359
400 968
400 842
400 1099
400 853
400 870
400 1352
400 9
400 9
400 585
400 987
400 1043
400 1113
400 39
400 987
400 1120
401 1414
401 1188
401 835
401 1280
401 518
401 765
401 1352
401 9
401 987
401 1457
401 520
401 811
401 1085
402 819
402 218
402 908
402 1001
402 709
402 582
402 1124
402 1156
402 618
402 845
402 1360
402 1032
402 1392
402 564
402 9
402 585
402 987
402 1043
402 1113
402 549
403 62
403 1017
403 1074
403 450
403 1134
403 100
403 845
403 1244
403 1282
403 797
403 1349
403 968
403 1054
403 873
403 1354
403 548
403 9
403 1121
403 1113
403 1113
403 1045
404 458
404 237
404 963
404 702
404 1218
404 1116
404 729
404 1281
404 1095
404 1335
404 1307
404 508
404 1435
404 1269
404 942
404 9
404 987
404 1113
404 1404
404 820
404 1159
404 549
404 122
404 159
405 1144
405 1190
405 1215
405 322
405 322
405 956
405 1392
405 1038
405 1113
405 9
405 145
405 1273
405 1378
405 549
405 248
405 1060
406 1144
406 612
406 1224
406 928
406 1316
406 1360
406 873
406 853
406 1220
406 1008
406 9
406 585
406 1045
406 1449
406 520
406 139
407 1205
407 997
407 974
407 9
407 1043
407 1113
407 1113
407 1118
407 211
407 964
407 959
407 718
407 473
408 9
408 339
408 339
408 1447
408 1384
408 520
408 1378
409 708
409 237
409 525
409 867
409 1059
409 894
409 1065
409 1124
409 1062
409 1180
409 1101
409 1465
409 1283
409 1171
409 1336
409 1370
409 1353
409 1032
409 1158
409 1374
409 1458
409 1055
409 431
409 431
409 419
409 419
409 211
409 144
409 1428
409 1413
409 1015
409 1113
409 9
409 585
409 987
409 987
409 987
409 1456
409 1376
409 1186
409 970
409 1409
410 714
410 1062
410 862
410 803
410 1128
410 1190
410 1000
410 613
410 1353
410 1400
410 1077
410 719
410 552
410 1201
410 1399
410 882
410 1347
410 1008
410 9
410 585
410 1043
410 987
410 1113
410 39
411 780
411 237
411 774
411 704
411 963
411 879
411 436
411 436
411 1217
411 1170
411 1175
411 687
411 1143
411 751
411 958
411 1165
411 1171
411 186
411 753
411 1271
411 1203
411 1282
411 207
411 1109
411 1338
411 1369
411 1349
411 1298
411 1363
411 1362
411 1358
411 1277
411 1048
411 988
411 1453
411 1453
411 854
411 1374
411 1419
411 1458
411 1054
411 1055
411 1433
411 1436
411 1434
411 1414
411 680
411 1147
411 1318
411 1240
411 1430
411 1111
411 1100
411 1099
411 169
411 1039
411 1167
411 246
411 853
411 603
411 92
411 1354
411 1239
411 1346
411 1219
411 1220
411 882
411 1347
411 1444
411 564
411 836
411 1389
411 863
411 518
411 347
411 347
411 351
411 351
411 211
411 248
411 9
411 1404
411 1099
411 1316
411 1267
411 1389
411 972
411 800
411 322
411 322
411 1043
411 1380
411 914
411 549
411 1189
411 1366
412 1082
412 30
412 1374
412 1188
412 9
412 987
412 1043
413 774
413 787
413 659
413 761
413 517
413 211
413 9
413 1113
413 1121
413 987
413 987
413 1309
413 1242
413 520
413 926
414 1226
414 996
414 1307
414 1453
414 1320
414 9
414 585
415 1092
415 1068
415 821
415 1333
415 853
415 9
415 852
415 1407
416 1070
416 1134
416 1063
416 722
416 1209
416 684
416 1300
416 1165
416 1160
416 1330
416 1163
416 723
416 1276
416 940
416 1453
416 1351
416 431
416 431
416 962
416 517
416 9
416 987
416 1376
416 1043
416 806
416 852
417 714
417 867
417 696
417 814
417 636
417 1000
417 1244
417 258
417 1368
417 962
417 1424
417 853
417 1161
417 9
417 1113
417 39
417 1242
418 1182
418 951
418 1276
418 1392
418 1413
418 1399
418 1154
418 9
418 987
418 1329
418 491
419 450
419 1174
419 1359
419 9
419 1309
419 799
419 1329
419 1472
420 536
420 985
420 1070
420 1105
420 1314
420 1369
420 552
420 854
420 1435
420 1015
420 944
420 1337
420 1319
420 870
420 9
420 585
420 585
420 350
420 350
420 1155
420 820
420 1080
420 1273
421 18
421 1027
421 894
421 582
421 1200
421 1202
421 557
421 988
421 1438
421 519
421 1188
421 853
421 9
421 1113
421 987
421 1449
421 765
421 1425
422 843
422 63
422 268
422 268
422 1128
422 974
422 1177
422 214
422 1332
422 968
422 719
422 1438
422 1396
422 1194
422 1055
422 721
422 767
422 1420
422 9
422 1352
422 1113
422 1404
422 1113
422 987
422 1043
422 987
422 1118
422 520
422 1080
422 713
423 987
423 9
423 39
423 585
423 209
424 442
424 442
424 838
424 9
424 606
425 9
425 39
425 366
425 366
425 578
426 9
426 396
426 396
426 585
426 531
427 9
427 39
427 1004
427 1136
427 1228
428 84
428 1052
428 1109
428 9
428 656
428 804
428 857
429 9
429 105
429 340
429 374
429 340
429 374
430 9
430 293
430 293
430 293
430 293
430 733
430 987
431 12
431 1128
431 1466
431 965
431 964
431 1337
431 189
431 1237
431 942
431 10
431 802
431 1404
431 585
431 987
431 1262
431 1263
431 1291
431 1340
431 122
431 528
431 607
431 1379
431 1272
431 970
432 220
432 126
432 11
432 10
432 293
432 293
433 803
433 721
433 853
433 835
433 771
433 1114
433 11
433 799
434 126
434 50
434 51
434 53
434 50
434 51
434 106
434 961
434 50
434 51
434 50
434 51
434 843
434 10
434 879
435 33
435 123
435 126
435 467
435 1047
435 10
435 91
435 947
436 1013
436 11
436 512
436 723
437 610
437 59
437 123
437 12
437 637
437 11
438 11
438 50
438 51
438 109
438 1036
439 11
439 10
439 109
439 293
439 293
439 1036
440 10
440 50
440 51
440 645
440 1002
441 109
441 1036
441 11
441 126
441 293
441 293
442 293
442 293
442 522
442 947
442 609
442 11
443 17
443 524
443 530
443 782
443 802
443 11
444 802
444 813
444 461
444 10
444 487
444 73
444 1237
444 1204
445 11
445 123
445 467
445 10
445 126
446 220
446 646
446 10
446 1034
446 1110
447 490
447 636
447 10
447 10
447 33
447 637
447 12
447 109
447 497
447 1036
447 293
447 293
447 661
447 489
447 124
447 499
447 878
447 561
447 944
447 1009
447 226
447 567
447 588
447 467
447 637
448 869
448 109
448 487
448 1036
448 1237
448 11
449 12
449 106
449 11
449 59
449 123
450 10
450 11
450 947
450 16
450 497
450 1237
451 707
451 442
451 442
451 838
451 10
451 1002
451 78
451 973
452 109
452 124
452 1036
452 1237
452 11
453 109
453 1036
453 532
453 947
453 1257
453 126
453 11
454 801
454 487
454 802
454 645
454 11
454 109
454 124
454 1036
454 59
454 11
454 123
454 123
454 293
454 293
454 610
454 11
454 1237
454 944
455 442
455 442
455 838
455 878
455 11
455 578
455 1423
456 288
456 288
456 11
456 1237
456 610
457 293
457 293
457 12
457 606
457 442
457 442
457 838
458 609
458 12
458 293
458 293
458 718
459 293
459 293
459 293
459 293
459 12
460 657
460 12
460 126
460 109
460 1036
460 801
461 526
461 697
461 12
461 544
461 1042
462 12
462 124
462 463
462 467
462 801
462 609
463 12
463 12
463 109
463 1036
464 65
464 59
464 12
464 293
464 293
465 303
465 303
465 297
465 297
465 301
465 301
465 12
465 12
465 12
466 12
466 59
466 486
466 650
466 801
467 478
467 494
467 107
467 108
467 563
467 12
467 506
467 802
467 966
468 12
468 123
468 681
468 801
468 802
469 12
469 321
469 331
469 321
469 331
470 12
470 12
470 225
470 594
471 12
471 59
471 477
471 12
471 107
471 126
471 498
471 628
471 477
472 452
472 279
472 279
472 503
472 507
472 83
472 13
472 14
472 42
472 222
472 326
472 326
472 337
472 337
472 275
472 275
472 653
472 1029
472 664
472 647
472 1138
473 13
473 155
473 223
473 452
473 646
473 1135
473 137
473 1153
473 221
474 13
474 14
474 762
474 1289
474 760
475 503
475 13
475 155
475 221
475 697
475 646
475 646
475 1045
475 220
475 1263
476 220
476 646
476 13
476 646
476 935
477 13
477 43
477 222
477 343
477 343
478 13
478 221
478 233
478 343
478 343
478 503
478 652
478 43
478 1153
479 14
479 40
479 42
479 857
479 481
479 195
480 40
480 120
480 343
480 343
480 14
481 40
481 233
481 137
481 568
481 14
481 507
481 223
481 663
481 1418
482 14
482 41
482 221
482 222
482 233
482 343
482 343
482 646
482 933
483 14
483 41
483 42
483 221
483 305
483 305
484 14
484 54
484 515
484 712
484 752
484 786
484 850
484 872
484 912
485 14
485 343
485 343
485 452
485 785
486 233
486 14
486 652
486 222
487 40
487 14
487 14
487 42
487 222
487 326
487 326
488 221
488 233
488 83
488 222
488 15
488 223
489 15
489 47
489 83
489 220
489 221
489 221
489 221
489 224
490 15
490 220
490 325
490 325
490 784
491 15
491 329
491 343
491 329
491 343
492 43
492 15
492 220
492 343
492 343
493 15
493 83
493 137
493 343
493 343
493 503
493 784
493 222
494 15
494 192
494 233
494 326
494 326
494 785
494 224
495 15
495 42
495 221
495 326
495 326
495 652
496 16
496 126
496 454
496 801
496 973
497 16
497 106
497 293
497 293
497 610
497 645
498 17
498 370
498 372
498 370
498 372
499 211
499 234
499 568
499 17
499 448
499 448
499 1332
500 17
500 318
500 318
500 858
500 1261
501 211
501 17
501 56
501 604
501 755
502 755
502 194
502 196
502 17
502 17
502 140
502 141
502 182
502 318
502 318
502 318
502 318
502 418
502 448
502 418
502 448
502 251
502 238
503 69
503 17
503 927
503 747
503 327
503 327
503 133
503 1095
503 501
503 150
503 217
503 49
503 150
503 501
503 856
503 327
503 327
503 244
504 168
504 365
504 365
504 17
504 165
505 18
505 146
505 166
505 63
505 780
506 484
506 121
506 130
506 149
506 824
506 89
506 18
507 18
507 146
507 188
507 774
507 787
507 716
508 77
508 148
508 121
508 536
508 76
508 26
508 18
508 1130
509 18
509 280
509 280
509 49
509 121
509 490
510 18
510 19
510 287
510 408
510 287
510 408
511 18
511 188
511 1019
511 663
511 694
511 1283
511 562
511 101
511 186
511 800
512 18
512 98
512 605
512 1199
512 229
512 1359
512 1387
512 716
512 669
513 18
513 757
513 23
513 1361
513 1442
514 551
514 18
514 703
514 1192
514 881
514 1163
514 552
514 945
514 1388
515 551
515 714
515 18
515 68
515 684
515 1398
516 18
516 780
516 1062
516 1065
516 1122
516 1067
516 1264
516 1241
516 1160
516 891
516 552
516 1277
516 1395
516 1397
516 1391
516 1285
516 1436
516 883
516 346
516 346
516 1442
516 92
516 1439
516 1352
516 1113
516 585
516 585
516 1376
516 145
516 1470
516 1107
517 18
517 684
517 1319
517 1280
517 1262
517 1189
518 18
518 188
518 62
518 67
518 312
518 312
518 702
518 280
518 280
518 757
518 955
518 1170
518 687
518 557
518 1386
518 1259
518 1193
518 1446
518 1434
518 1350
518 1430
518 1318
519 18
519 1027
519 1075
519 1006
519 530
519 1169
519 211
519 157
520 18
520 1122
520 1236
520 1445
520 585
520 987
521 18
521 63
521 1164
521 748
521 883
522 148
522 19
522 146
522 67
523 714
523 834
523 1027
523 483
523 270
523 270
523 1310
523 501
523 1332
523 1336
523 19
523 1451
523 1440
523 1384
523 987
523 964
523 520
523 322
523 322
524 149
524 131
524 280
524 282
524 280
524 282
524 19
524 253
524 253
524 188
524 757
525 19
525 56
525 256
525 1231
525 651
526 256
526 256
526 19
526 148
526 114
526 115
526 117
526 466
527 466
527 536
527 19
527 641
527 757
527 93
528 19
528 253
528 253
528 256
528 282
528 256
528 282
528 716
529 44
529 354
529 354
529 20
529 44
529 354
529 354
529 325
529 325
530 20
530 44
530 354
530 354
530 1235
530 740
531 44
531 354
531 354
531 740
531 20
532 20
532 44
532 216
532 354
532 354
532 606
532 740
533 906
533 44
533 354
533 354
533 20
534 20
534 44
534 354
534 354
534 1235
534 695
535 39
535 39
535 20
535 44
535 216
535 354
535 354
536 20
536 44
536 354
536 354
536 1235
537 44
537 354
537 354
537 216
537 20
538 963
538 20
538 44
538 354
538 354
539 20
539 1235
539 44
539 354
539 354
540 20
540 44
540 216
540 354
540 354
541 44
541 354
541 354
541 20
542 20
542 44
542 216
542 354
542 354
542 740
542 56
542 484
543 20
543 32
543 44
543 216
543 354
543 354
543 695
543 740
544 44
544 354
544 354
544 695
544 20
545 20
545 44
545 354
545 354
545 695
546 20
546 32
546 44
546 354
546 354
547 20
547 32
547 44
547 354
547 354
547 695
548 20
548 44
548 354
548 354
548 44
548 354
548 354
549 20
549 44
549 216
549 354
549 354
550 20
550 44
550 354
550 354
550 32
551 44
551 354
551 354
551 20
551 32
551 216
551 96
551 271
551 271
551 50
551 51
551 33
551 532
551 1257
552 782
552 20
552 44
552 354
552 354
553 630
553 630
553 630
553 630
553 630
553 630
553 630
553 630
553 630
553 630
553 676
553 676
553 676
553 676
553 676
553 676
553 676
553 676
553 676
553 676
553 775
553 777
553 20
553 630
553 630
553 630
553 630
553 630
553 630
553 630
553 630
553 630
553 630
553 630
553 676
553 676
553 676
553 676
553 676
553 676
553 676
553 676
553 676
553 676
553 676
553 992
553 1030
553 1031
553 1087
554 20
554 44
554 354
554 354
554 606
555 44
555 354
555 354
555 20
555 32
556 44
556 354
556 354
556 758
556 20
557 20
557 20
557 44
557 354
557 354
558 44
558 354
558 354
558 20
558 216
559 44
559 354
559 354
559 216
559 44
559 354
559 354
559 20
560 20
560 44
560 354
560 354
560 32
561 20
561 44
561 354
561 354
561 216
562 20
562 44
562 354
562 354
562 32
563 44
563 354
563 354
563 20
563 32
563 216
564 21
564 24
564 606
564 989
564 1278
565 21
565 24
565 526
565 918
565 183
566 442
566 442
566 838
566 574
566 792
566 922
566 21
566 24
566 219
566 965
567 22
567 365
567 365
567 1033
567 697
567 749
567 747
567 674
567 54
567 515
567 712
567 752
567 786
567 850
567 872
567 912
568 182
568 199
568 251
568 341
568 383
568 391
568 411
568 423
568 425
568 341
568 383
568 391
568 411
568 423
568 425
568 535
568 629
568 415
568 22
568 377
568 377
569 625
569 311
569 311
569 747
569 22
569 469
569 782
569 755
569 430
569 430
569 410
569 670
570 50
570 51
570 22
570 566
571 22
571 829
571 532
571 1257
571 21
571 24
572 22
572 561
572 688
572 458
572 792
572 792
572 179
573 22
573 240
573 625
573 315
573 315
573 681
573 201
573 203
573 789
573 921
574 174
574 566
574 566
574 644
574 22
574 456
575 769
575 830
575 669
575 23
575 798
575 1123
575 98
575 934
576 25
576 307
576 307
576 936
576 1059
576 23
576 23
576 1207
576 602
576 1188
576 723
576 1370
576 968
576 969
576 1055
576 211
576 1018
576 853
576 250
576 1155
576 852
576 1407
576 1408
577 1001
577 1065
577 23
577 1206
577 1177
577 1385
577 1413
578 1066
578 23
578 1184
578 891
578 1362
578 1430
578 246
579 707
579 696
579 23
579 1052
579 1145
579 1374
579 1099
579 1100
579 1355
579 945
579 1352
579 1404
579 1376
579 1408
580 963
580 663
580 1024
580 23
580 88
580 1443
580 1328
580 976
580 977
580 988
580 1390
580 1438
580 1397
580 1419
580 1147
581 94
581 1067
581 23
581 1311
581 1247
582 62
582 67
582 1092
582 984
582 23
582 1190
582 1198
582 1108
582 1193
582 1296
582 746
583 896
583 757
583 818
583 1058
583 23
583 97
583 110
583 946
583 1294
583 1147
583 1158
584 23
584 1119
584 1158
584 1195
584 1054
584 409
584 409
584 1427
584 1296
584 1015
584 250
585 103
585 896
585 25
585 745
585 1017
585 1062
585 879
585 978
585 23
585 816
585 1213
585 837
585 1143
585 31
585 729
585 1336
585 1369
585 1298
585 967
585 1361
585 552
585 1158
585 1395
585 1048
585 519
585 1396
585 854
585 1419
585 1437
585 1425
585 746
585 1252
585 1357
585 603
585 1388
585 1220
585 39
585 1113
585 1043
585 211
585 1457
585 1384
585 1186
585 520
585 322
585 322
585 713
585 549
585 1275
585 235
585 523
585 811
585 82
586 787
586 23
586 1296
586 1424
586 1043
586 1113
586 987
586 585
587 972
587 25
587 37
587 1019
587 1208
587 894
587 1144
587 1127
587 1197
587 1181
587 1292
587 1469
587 1400
587 1454
588 25
588 307
588 851
588 705
588 908
588 1063
588 1206
589 25
589 879
589 1091
589 1197
589 798
589 1113
589 1344
590 25
590 1072
590 862
590 1171
590 719
590 940
590 1459
590 1325
590 771
590 974
590 235
591 780
591 25
591 725
591 932
591 248
591 1390
591 853
591 517
591 987
591 523
592 25
592 745
592 834
592 851
592 1173
592 767
592 944
592 942
592 826
592 941
592 1038
593 25
593 37
593 278
593 278
593 1090
593 248
593 1342
594 25
594 304
594 304
594 1017
594 911
594 1070
594 1011
594 1075
594 1184
594 862
594 1162
594 624
594 1143
594 753
594 186
594 1171
594 211
594 585
594 987
594 1439
594 1460
594 1113
594 1447
595 25
595 307
595 307
595 1112
595 1052
595 1360
595 1400
595 1346
595 548
595 1113
595 1123
596 25
596 717
596 774
596 704
596 1059
596 818
596 1024
596 1207
596 1248
596 1127
596 1246
596 907
596 1191
596 969
596 1412
596 1450
597 25
597 745
597 1027
597 1076
597 1182
597 1126
597 562
597 891
597 1469
597 1359
597 1295
597 900
597 1408
598 25
598 1144
598 1084
598 97
598 1246
598 1300
598 186
599 25
599 475
599 879
599 982
599 1088
599 1091
599 1093
599 1258
599 1264
599 1236
599 1236
599 1288
599 1241
599 866
599 951
599 687
599 1171
599 1271
599 31
599 1115
599 211
599 1198
599 1294
599 1109
599 1334
599 1371
599 968
599 1077
599 1327
599 1158
599 1392
599 1419
599 1194
599 1436
599 1055
599 1433
599 1434
599 686
599 1414
599 1188
599 1435
599 942
599 1445
599 1114
599 585
599 1043
599 585
599 1118
599 987
599 898
599 1329
599 1272
600 25
600 745
600 936
600 1156
600 613
600 1044
600 1245
600 1394
600 1427
600 1432
600 1406
600 1439
600 987
600 799
600 1187
601 25
601 460
601 1069
601 320
601 320
601 691
601 1368
601 1336
601 969
601 967
601 968
601 1400
601 1396
601 683
601 1413
601 944
601 39
601 1316
601 1316
601 1186
601 1155
601 1340
601 248
601 1165
602 203
602 559
602 25
602 1017
602 94
602 834
602 861
602 1023
602 1128
602 1116
602 1203
602 1198
602 723
602 969
602 1333
602 967
602 1328
602 1327
602 1048
602 977
602 1459
602 1285
602 1393
602 1427
602 1413
602 250
602 245
602 1113
602 1043
602 1043
602 211
602 1376
602 520
602 145
602 528
602 607
603 25
603 1022
603 1058
603 814
603 998
603 1203
603 1327
604 500
604 149
604 623
604 824
604 130
604 26
605 896
605 89
605 93
605 149
605 716
605 1212
605 893
605 623
605 1214
605 131
605 835
605 456
605 26
605 232
606 46
606 62
606 130
606 132
606 146
606 302
606 312
606 302
606 312
606 954
606 49
606 67
606 483
606 824
606 895
606 830
606 26
607 58
607 26
607 93
607 1212
607 1215
608 49
608 165
608 894
608 26
608 716
608 896
609 458
609 26
609 630
609 676
609 992
610 93
610 149
610 26
610 90
610 121
611 26
611 466
611 483
611 1427
611 1060
612 1231
612 26
612 149
612 716
612 1306
612 597
612 1079
612 131
613 26
613 93
613 130
613 149
613 165
614 49
614 58
614 90
614 131
614 716
614 93
614 26
614 89
614 161
614 824
614 1213
615 1011
615 27
615 442
615 442
615 838
616 46
616 56
616 113
616 153
616 237
616 500
616 744
616 67
616 132
616 146
616 312
616 312
616 62
616 26
616 90
616 161
617 26
617 149
617 165
617 737
617 121
617 824
617 1306
618 26
618 93
618 149
618 716
618 280
618 282
619 26
619 62
619 165
619 176
619 790
620 1089
620 1076
620 1074
620 862
620 903
620 1213
620 1209
620 270
620 270
620 766
620 1292
620 767
620 26
620 121
620 1234
620 1306
620 692
620 214
620 748
620 1386
620 1077
620 721
620 1437
620 1262
620 479
620 820
620 1155
621 263
621 263
621 26
621 425
621 425
621 597
622 1252
622 27
622 942
622 1346
622 38
622 882
622 1347
622 1388
622 1239
622 901
622 1219
622 548
622 863
622 603
622 564
622 1384
622 1426
622 1389
622 323
622 323
622 82
622 836
623 836
623 27
623 443
623 443
623 1337
624 26
624 378
624 378
624 49
624 165
624 166
625 26
625 131
625 161
625 165
625 790
625 56
626 26
626 58
626 129
626 131
626 161
626 622
626 93
626 824
626 972
627 26
627 89
627 93
627 121
627 130
627 165
627 280
627 280
627 737
627 774
627 824
628 633
628 115
628 826
628 154
628 26
628 240
628 240
628 1215
628 114
629 26
629 282
629 282
629 280
629 280
630 26
630 282
630 282
630 1214
630 1212
631 26
631 93
631 824
631 49
631 1306
632 623
632 90
632 716
632 26
632 622
633 408
633 408
633 406
633 406
633 26
633 165
634 26
634 121
634 280
634 280
634 716
635 26
635 46
635 93
635 253
635 282
635 253
635 282
635 896
636 26
636 121
636 130
636 824
636 716
637 131
637 737
637 26
637 256
637 256
637 121
637 161
637 90
637 536
638 26
638 90
638 149
638 58
638 597
638 89
639 131
639 26
639 131
639 165
639 597
639 56
640 26
640 93
640 121
640 149
640 458
641 28
641 158
641 1096
641 1102
641 220
642 293
642 293
642 487
642 28
642 29
643 290
643 290
643 313
643 313
643 28
644 28
644 630
644 630
644 630
644 630
644 630
644 630
644 630
644 630
644 676
644 676
644 676
644 676
644 676
644 676
644 676
644 676
644 777
645 158
645 901
645 29
645 451
645 935
646 482
646 29
646 50
646 51
646 808
647 29
647 1134
647 1245
647 881
647 1358
647 1389
648 1174
648 619
648 30
648 730
648 751
649 714
649 304
649 304
649 1124
649 1125
649 1314
649 30
649 189
649 1325
649 811
650 936
650 1062
650 118
650 270
650 270
650 796
650 1310
650 753
650 30
650 904
650 617
650 1113
650 1043
650 1376
651 705
651 1144
651 844
651 955
651 211
651 1311
651 1330
651 30
651 1454
651 1098
651 981
651 815
651 92
651 248
651 898
651 1380
651 1366
652 1173
652 866
652 751
652 928
652 30
652 1032
652 1393
653 615
653 45
653 579
653 31
653 48
653 668
654 621
654 1092
654 1258
654 907
654 1245
654 1386
654 988
654 1167
654 31
654 564
655 381
655 448
655 381
655 448
655 471
655 629
655 199
655 31
655 451
656 68
656 873
656 594
656 31
656 250
656 853
656 1186
656 462
656 549
656 1043
656 1381
657 364
657 364
657 681
657 650
657 31
657 840
658 774
658 268
658 268
658 1084
658 816
658 567
658 674
658 925
658 1283
658 755
658 776
658 1000
658 994
658 1420
658 1139
658 842
658 31
658 742
658 1389
658 882
658 1347
659 305
659 305
659 485
659 490
659 706
659 851
659 930
659 976
659 1440
659 31
659 603
659 1220
659 1346
659 1388
659 1239
659 1406
659 1272
659 1305
660 1421
660 594
660 31
660 1099
660 1018
660 942
660 873
660 1399
660 853
660 1256
660 1239
660 863
660 836
660 882
660 1347
660 517
660 564
660 1389
660 1267
661 304
661 304
661 726
661 761
661 1190
661 691
661 1314
661 1462
661 788
661 810
661 31
661 826
661 517
661 246
661 189
661 248
661 39
661 987
661 1043
661 1376
661 800
662 708
662 758
662 705
662 142
662 1078
662 268
662 268
662 726
662 320
662 320
662 1152
662 1013
662 1192
662 612
662 613
662 1243
662 964
662 1108
662 1245
662 723
662 1367
662 1349
662 1360
662 1341
662 211
662 1100
662 594
662 815
662 31
662 873
662 1256
662 517
662 248
662 987
662 1262
662 1291
662 1380
662 1273
662 1159
662 607
663 936
663 994
663 270
663 270
663 1000
663 1191
663 729
663 998
663 209
663 723
663 1145
663 1298
663 1391
663 1390
663 1392
663 1419
663 1250
663 1317
663 211
663 248
663 1453
663 31
663 594
663 815
663 1399
663 700
663 853
663 250
663 517
663 1325
663 1117
663 1354
663 1186
663 1168
664 1201
664 144
664 594
664 815
664 31
664 826
664 853
664 189
664 882
664 1008
664 1347
664 250
664 517
664 1420
664 1120
664 987
664 1456
664 1457
664 211
664 1426
664 1053
664 1186
664 1020
664 959
664 1378
664 1379
664 1408
665 31
665 987
665 1113
665 718
665 970
665 1463
666 1144
666 814
666 1142
666 1173
666 1206
666 1192
666 715
666 1198
666 928
666 990
666 1177
666 1372
666 986
666 1374
666 1194
666 1385
666 981
666 962
666 31
666 815
666 169
666 942
666 853
666 250
666 585
666 1309
666 1113
666 1409
666 1323
667 594
667 962
667 31
667 1357
667 1220
667 145
667 1470
667 490
668 448
668 448
668 774
668 819
668 696
668 908
668 280
668 280
668 1062
668 1132
668 879
668 761
668 1052
668 1044
668 1200
668 891
668 602
668 956
668 209
668 1109
668 1370
668 723
668 967
668 1362
668 1395
668 1374
668 1392
668 1391
668 431
668 431
668 419
668 419
668 383
668 390
668 383
668 390
668 409
668 409
668 1055
668 1201
668 1451
668 1100
668 31
668 1039
668 133
668 1405
668 1015
668 92
668 548
668 1389
668 974
668 751
668 1099
668 1453
668 852
668 1463
669 31
669 190
669 727
669 753
669 1316
670 627
670 141
670 140
670 578
670 373
670 373
670 31
671 237
671 774
671 704
671 930
671 1001
671 908
671 895
671 929
671 1091
671 1006
671 1156
671 102
671 1184
671 1125
671 932
671 1322
671 31
671 1193
671 1433
671 1422
671 1436
671 1429
671 826
671 1015
671 959
671 713
672 908
672 1001
672 1094
672 475
672 1047
672 1169
672 1084
672 1127
672 1112
672 624
672 1143
672 687
672 1171
672 1052
672 31
672 729
672 753
672 964
672 211
672 1188
672 1349
672 1353
672 968
672 854
672 1453
672 1188
672 981
672 1424
672 346
672 346
672 1357
672 1015
672 1320
672 1319
672 532
672 1420
672 959
672 322
672 322
672 598
672 528
672 1107
672 184
672 970
672 900
672 1409
673 237
673 702
673 1088
673 955
673 1209
673 1216
673 1218
673 1143
673 624
673 1202
673 186
673 1171
673 31
673 1440
673 1406
673 1406
673 1320
673 1460
673 564
673 184
673 1380
673 917
673 1407
673 852
673 1340
674 1001
674 1115
674 613
674 31
674 1177
674 993
674 1194
674 882
674 1347
674 603
674 1320
674 347
674 347
674 1045
674 1461
674 713
674 1407
675 937
675 1024
675 687
675 1192
675 1116
675 31
675 1359
675 1158
675 1295
675 1435
675 1431
675 1081
675 1043
675 1457
676 975
676 696
676 1062
676 1207
676 1248
676 31
677 1001
677 908
677 496
677 818
677 1170
677 686
677 1052
677 31
677 258
677 258
677 1398
677 1295
678 1065
678 1086
678 320
678 320
678 624
678 999
678 974
678 1082
678 31
678 1292
678 902
678 1287
678 891
678 619
678 1367
678 1277
678 1295
678 962
678 518
678 853
678 585
679 472
679 37
679 705
679 1059
679 984
679 1241
679 751
679 1116
679 31
679 1336
679 1332
679 1139
679 1048
679 1458
679 1451
679 853
679 211
679 1376
680 1180
680 31
680 1163
680 1145
680 1443
680 1425
680 1324
681 706
681 252
681 199
681 1074
681 1072
681 1169
681 1126
681 862
681 1162
681 270
681 270
681 1082
681 31
681 613
681 1247
681 956
681 212
681 1199
681 1334
681 1077
681 519
681 419
681 419
681 390
681 390
681 92
681 250
682 1068
682 460
682 1129
682 1265
682 624
682 1200
682 1000
682 31
682 186
682 1171
682 619
682 1367
682 1342
682 1390
682 1419
682 1351
682 1339
682 1100
682 815
682 594
682 873
682 1413
682 945
682 1406
682 853
682 517
682 751
682 564
682 765
682 1099
682 1113
682 1404
682 211
682 1291
682 1453
682 1187
682 1159
682 248
682 1380
682 914
682 235
682 1060
683 1182
683 1312
683 31
683 902
683 1243
683 1412
683 842
683 1043
683 1159
683 1408
684 31
684 268
684 268
684 269
684 843
685 31
685 186
685 1350
685 431
685 431
685 517
685 853
685 800
686 74
686 31
686 1322
686 931
686 914
687 1264
687 1283
687 1265
687 31
687 624
687 951
687 186
687 1294
687 1203
687 1136
687 552
687 519
687 939
687 1414
687 1373
687 248
687 1453
687 1402
687 782
687 1420
687 981
687 594
687 815
687 1424
687 1357
687 941
687 1405
687 1015
687 1220
687 987
687 1113
688 163
688 1258
688 1214
688 1170
688 31
688 1013
688 1082
688 776
688 950
688 1115
688 613
688 974
688 1192
688 1000
688 612
688 1311
688 613
688 618
688 1234
688 1108
688 928
688 678
688 248
688 956
688 1109
688 1349
688 1139
688 1032
688 1453
688 1454
688 419
688 419
688 1422
688 1428
688 594
688 815
688 1015
688 1442
688 517
688 853
689 387
689 431
689 387
689 431
689 76
689 182
689 191
689 199
689 376
689 448
689 376
689 448
689 31
689 43
689 142
689 457
689 221
689 365
689 365
690 1052
690 668
690 1297
690 31
690 578
691 849
691 871
691 31
691 578
691 668
692 31
692 138
692 143
692 753
692 983
693 31
693 612
693 613
693 363
693 363
693 849
694 188
694 871
694 963
694 1169
694 788
694 322
694 322
694 1282
694 32
694 688
694 677
694 1362
694 1136
694 1277
694 1390
694 1397
694 1454
694 1453
694 842
694 1284
694 1285
694 1054
694 1421
694 1201
694 981
694 962
694 1018
694 1401
694 1426
694 964
694 1159
695 32
695 44
695 354
695 354
695 44
695 354
695 354
695 485
696 32
696 44
696 216
696 354
696 354
697 32
697 44
697 354
697 354
697 792
697 782
698 885
698 1289
698 1379
698 33
698 325
698 325
698 1270
699 33
699 467
699 553
699 681
699 16
700 1049
700 33
700 477
700 637
700 947
700 1237
700 947
700 697
701 126
701 293
701 293
701 467
701 33
702 114
702 33
702 109
702 117
702 947
702 1036
702 116
703 48
703 1163
703 33
703 293
703 293
704 33
704 293
704 293
704 465
704 720
704 831
705 43
705 493
705 655
705 33
705 801
705 802
706 33
706 109
706 293
706 293
706 1036
706 124
707 83
707 155
707 220
707 33
707 123
708 498
708 33
708 293
708 293
708 65
708 394
708 394
708 1237
709 1040
709 33
709 569
709 763
709 947
709 1002
709 1173
709 868
710 802
710 65
710 802
710 368
710 368
710 464
710 707
710 859
710 522
710 33
710 663
711 1127
711 33
711 487
711 1282
711 1198
711 947
711 988
711 1438
711 842
711 1357
711 1018
711 346
711 346
711 1081
711 1404
711 1461
711 55
711 610
712 293
712 331
712 293
712 331
712 1110
712 1356
712 33
712 1110
712 772
713 44
713 354
713 354
713 109
713 587
713 587
713 630
713 630
713 630
713 630
713 676
713 676
713 676
713 676
713 1036
713 33
713 587
713 587
713 672
713 697
714 33
714 225
714 637
714 801
714 616
715 33
715 59
715 109
715 109
715 1036
715 1036
716 293
716 293
716 33
716 124
716 801
716 293
716 293
717 65
717 293
717 293
717 33
717 587
717 886
718 639
718 33
718 106
718 869
718 947
719 33
719 106
719 681
719 965
719 1237
720 33
720 293
720 293
720 477
720 532
720 947
720 1257
721 33
721 639
721 1056
721 1211
721 613
721 735
722 34
722 325
722 325
722 106
722 528
722 394
722 394
723 34
723 96
723 145
723 143
723 594
723 604
723 627
724 34
724 105
724 585
724 142
724 893
725 363
725 363
725 34
725 604
725 638
726 34
726 96
726 922
726 50
726 51
726 858
727 41
727 42
727 1290
727 35
727 698
727 1237
728 35
728 497
728 442
728 442
728 838
729 442
729 442
729 838
729 35
729 239
729 524
730 35
730 644
730 1005
730 1015
731 35
731 630
731 630
731 676
731 676
731 777
732 35
732 663
732 933
732 542
732 1019
733 35
733 819
733 1019
733 851
733 1027
733 1074
733 879
733 761
733 1066
733 1191
733 618
733 891
733 1244
733 214
733 967
733 1362
733 1139
733 519
733 1396
733 1194
733 1296
733 1201
733 1113
733 1256
733 1158
733 1273
733 847
733 1275
733 1324
733 1378
734 35
734 572
734 63
734 252
734 355
734 355
734 304
734 304
735 195
735 812
735 78
735 128
735 78
735 36
735 60
736 179
736 644
736 595
736 36
736 60
736 36
736 60
736 319
736 319
736 1185
736 1402
736 553
736 700
736 1401
736 295
736 295
736 849
736 1237
736 1401
737 36
737 60
737 205
737 207
737 36
737 60
737 214
738 36
738 36
738 36
738 60
738 60
738 60
739 36
739 60
739 36
739 60
739 182
740 145
740 439
740 439
740 36
740 60
741 693
741 873
741 693
741 36
741 60
742 36
742 60
742 36
742 60
742 965
742 1061
743 36
743 36
743 60
743 60
743 128
744 344
744 344
744 36
744 60
744 1013
745 635
745 36
745 60
745 528
745 804
745 36
745 60
745 635
745 1457
746 252
746 355
746 355
746 36
746 60
746 165
746 36
746 60
746 1293
747 465
747 641
747 930
747 36
747 60
748 192
748 745
748 528
748 192
748 36
748 60
748 925
748 763
748 860
748 860
748 1010
748 450
749 36
749 60
749 331
749 331
749 857
750 36
750 36
750 36
750 60
750 60
750 60
751 242
751 317
751 317
751 36
751 60
752 36
752 60
752 128
752 490
752 1024
753 36
753 60
753 509
753 1082
753 958
753 1202
753 1453
753 617
754 586
754 160
754 741
754 36
754 60
755 514
755 292
755 292
755 36
755 60
756 36
756 60
756 442
756 442
756 838
757 647
757 615
757 647
757 36
757 60
757 234
758 36
758 60
758 574
758 577
758 234
758 568
759 54
759 515
759 712
759 752
759 786
759 850
759 872
759 912
759 514
759 514
759 37
760 764
760 487
760 692
760 681
760 843
760 54
760 515
760 712
760 752
760 786
760 850
760 872
760 912
760 583
760 580
760 284
760 284
760 66
760 373
760 373
760 268
760 268
760 103
760 269
760 269
760 194
760 485
760 248
760 50
760 51
760 1176
760 1129
760 1060
760 37
760 475
760 848
760 217
760 133
760 50
760 51
760 107
760 482
760 851
760 556
760 559
760 1136
760 391
760 391
760 71
760 50
760 51
760 1027
760 1290
760 1315
760 1040
760 1020
760 868
760 170
760 625
760 831
760 1270
760 1289
760 940
761 37
761 819
761 460
761 862
761 1350
762 252
762 37
762 834
762 861
762 867
762 1023
762 268
762 268
762 1058
762 726
762 1024
762 1084
762 816
762 862
762 1162
762 798
762 977
762 883
763 780
763 819
763 37
763 861
763 1023
763 1073
763 1105
763 1063
763 682
763 1280
763 751
763 1354
764 132
764 37
764 1094
764 950
764 1462
764 798
764 1167
764 642
765 592
765 745
765 132
765 972
765 37
765 68
765 867
765 501
765 930
765 1027
765 482
765 796
765 949
765 951
765 705
765 469
765 280
765 280
765 1064
765 162
765 1035
765 1173
765 677
765 1351
765 1188
765 1452
765 603
765 1018
765 246
765 962
765 39
766 896
766 745
766 704
766 37
766 867
766 911
766 1027
766 924
766 1106
766 475
766 1066
766 1069
766 626
766 1126
766 1246
767 237
767 132
767 37
767 496
767 1058
767 460
767 761
768 536
768 37
768 984
768 390
768 390
769 37
769 1302
769 999
769 1400
769 1386
769 988
769 854
769 431
769 431
769 1009
769 1320
769 1460
769 1113
769 1262
769 1267
769 491
770 834
770 867
770 37
770 1202
770 211
770 618
770 248
770 229
770 1298
770 519
770 383
770 383
770 1296
770 1060
770 1409
771 37
771 796
771 818
771 100
771 682
771 812
771 1294
771 979
771 1277
771 721
771 248
771 1453
771 1435
771 346
771 346
771 974
771 1442
771 987
772 37
772 867
772 460
772 1067
772 1125
772 1101
772 270
772 270
772 1175
772 492
772 1234
772 1400
772 1391
772 1396
773 1078
773 602
773 1332
773 1427
773 1440
773 987
773 38
773 39
774 862
774 1162
774 836
774 38
774 1456
774 1457
775 449
775 449
775 763
775 770
775 377
775 377
775 612
775 383
775 383
775 1452
775 941
775 1014
775 863
775 38
776 531
776 38
776 347
776 346
776 346
777 1001
777 937
777 1064
777 892
777 38
777 1420
778 686
778 1188
778 1239
778 1346
778 1219
778 1388
778 1445
778 38
778 836
778 1352
778 863
778 1389
778 350
778 350
778 1447
779 621
779 705
779 930
779 726
779 450
779 1011
779 1129
779 1051
779 1181
779 1451
779 941
779 1039
779 38
780 725
780 474
780 97
780 1181
780 270
780 270
780 1217
780 1116
780 1334
780 680
780 38
780 1460
781 1106
781 492
781 1310
781 1234
781 928
781 212
781 98
781 1360
781 969
781 409
781 409
781 248
781 1018
781 1239
781 38
781 751
781 1389
781 1329
782 934
782 1234
782 928
782 1334
782 1054
782 683
782 1295
782 594
782 38
782 1316
782 852
783 38
783 250
783 564
783 863
783 964
783 1323
784 758
784 268
784 268
784 1142
784 162
784 812
784 821
784 764
784 1436
784 39
785 1070
785 450
785 862
785 1207
785 1157
785 1422
785 80
785 1424
785 1113
785 39
786 1019
786 1072
786 1122
786 475
786 1143
786 998
786 866
786 1171
786 1044
786 964
786 980
786 1307
786 1316
786 988
786 940
786 390
786 390
786 431
786 1425
786 585
786 39
786 1159
787 662
787 101
787 1303
787 1363
787 1428
787 189
787 39
787 598
787 1408
788 1175
788 612
788 1224
788 942
788 835
788 1420
788 974
788 799
788 39
789 1144
789 726
789 1191
789 1164
789 585
789 987
789 39
789 322
789 322
790 1024
790 1142
790 1067
790 1082
790 1330
790 1454
790 1354
790 1120
790 39
791 830
791 983
791 853
791 585
791 1113
791 1043
791 987
791 39
791 1364
791 642
791 1408
791 1409
792 717
792 1175
792 1372
792 976
792 977
792 419
792 419
792 1421
792 1451
792 585
792 1113
792 987
792 39
792 473
792 1323
793 551
793 1089
793 1063
793 1181
793 602
793 1368
793 967
793 1398
793 390
793 390
793 1201
793 873
793 853
793 517
793 1420
793 1113
793 39
793 184
793 852
794 1440
794 1038
794 1239
794 942
794 617
794 39
794 1376
794 718
794 1408
795 737
795 936
795 984
795 746
795 962
795 1220
795 1113
795 39
795 852
796 1082
796 928
796 1371
796 1359
796 1392
796 519
796 1453
796 1454
796 1453
796 39
796 632
796 806
796 1273
796 1275
796 1340
797 737
797 764
797 204
797 1361
797 1412
797 1437
797 517
797 39
797 1043
798 1017
798 1144
798 102
798 1143
798 1171
798 902
798 1032
798 1277
798 1374
798 974
798 853
798 987
798 39
798 964
798 1380
798 1409
799 74
799 1397
799 835
799 39
799 987
799 1384
799 964
800 862
800 862
800 1162
800 1162
800 719
800 585
800 1114
800 39
800 1043
800 852
800 145
800 1340
801 851
801 949
801 97
801 186
801 853
801 211
801 39
802 691
802 747
802 1284
802 1269
802 771
802 853
802 50
802 51
802 39
802 1113
802 1415
802 1085
803 706
803 474
803 962
803 1043
803 1117
803 39
803 931
803 847
804 199
804 663
804 726
804 1141
804 816
804 751
804 39
804 1384
804 1447
804 900
805 896
805 307
805 911
805 867
805 68
805 474
805 1302
805 751
805 1116
805 618
805 891
805 1109
805 904
805 1369
805 519
805 1374
805 554
805 189
805 853
805 1114
805 39
805 1263
805 852
805 1409
806 774
806 304
806 304
806 867
806 659
806 776
806 1203
806 1438
806 1397
806 792
806 1436
806 983
806 39
806 184
807 774
807 1271
807 1113
807 1043
807 1113
807 39
807 987
807 1117
807 926
807 159
808 1137
808 803
808 1101
808 1175
808 1301
808 1281
808 881
808 677
808 1363
808 988
808 1453
808 1438
808 519
808 993
808 1393
808 390
808 390
808 686
808 1451
808 1081
808 943
808 92
808 548
808 39
808 931
808 959
808 321
808 847
809 1075
809 152
809 162
809 1283
809 1202
809 904
809 1298
809 981
809 39
809 987
809 806
809 852
809 321
810 818
810 812
810 837
810 212
810 1109
810 967
810 1320
810 250
810 351
810 351
810 39
810 585
810 987
810 1043
810 642
810 806
811 1191
811 998
811 1108
811 1198
811 742
811 778
811 810
811 1425
811 815
811 942
811 983
811 1399
811 835
811 942
811 853
811 548
811 517
811 245
811 564
811 585
811 1113
811 39
811 145
811 1343
811 1155
811 1471
811 852
811 1273
811 462
811 549
812 1092
812 1271
812 1000
812 612
812 1224
812 1330
812 1368
812 723
812 1336
812 1316
812 968
812 1328
812 519
812 1396
812 383
812 431
812 383
812 431
812 390
812 390
812 1433
812 1414
812 981
812 1413
812 1113
812 987
812 39
812 1316
812 1389
812 323
812 323
813 1406
813 39
813 1113
813 1448
813 1449
813 1407
813 917
814 1188
814 1451
814 346
814 346
814 974
814 1405
814 1161
814 211
814 870
814 1114
814 1113
814 39
814 1099
814 1404
814 1159
815 830
815 949
815 951
815 937
815 88
815 812
815 998
815 1160
815 212
815 1188
815 1335
815 1037
815 246
815 39
816 939
816 767
816 1425
816 883
816 1405
816 603
816 189
816 1015
816 1444
816 882
816 1347
816 211
816 1099
816 39
816 987
816 1043
816 1262
816 964
816 799
816 811
816 184
816 1408
816 1409
817 304
817 304
817 861
817 1023
817 1125
817 1152
817 1101
817 1311
817 766
817 1224
817 1247
817 1330
817 1333
817 1201
817 873
817 1014
817 39
817 1267
817 139
818 1037
818 39
818 1113
818 585
818 987
818 987
818 139
818 1366
818 1168
819 270
819 270
819 419
819 419
819 39
819 987
819 1114
820 867
820 1073
820 1064
820 1246
820 1258
820 687
820 958
820 1282
820 1395
820 1392
820 1355
820 39
820 1263
820 1309
820 1365
821 41
821 652
821 39
821 585
821 784
822 94
822 39
822 674
822 690
822 697
822 514
822 696
822 1019
823 182
823 871
823 391
823 391
823 535
823 199
823 378
823 378
823 41
823 42
823 40
823 723
824 40
824 782
824 849
824 1191
825 452
825 41
825 507
825 40
825 223
826 47
826 40
826 43
826 443
826 443
826 530
827 40
827 42
827 137
827 221
827 223
827 233
827 452
827 503
827 507
827 785
828 326
828 326
828 40
828 221
828 326
828 326
829 40
829 42
829 326
829 326
829 343
829 343
829 652
830 40
830 42
830 111
830 233
830 178
831 652
831 326
831 326
831 326
831 326
831 41
831 155
832 41
832 343
832 343
832 222
832 221
833 630
833 630
833 676
833 676
833 43
834 375
834 375
834 460
834 42
834 735
835 233
835 43
835 206
835 220
835 1262
836 42
836 222
836 652
836 326
836 221
837 669
837 43
837 813
837 1410
838 42
838 47
838 83
838 222
838 652
838 223
839 231
839 448
839 448
839 43
839 503
840 43
840 221
840 615
840 785
840 1135
841 43
841 43
841 236
841 393
841 393
841 1410
842 785
842 43
842 83
842 220
842 223
842 224
842 762
843 43
843 343
843 343
843 222
843 784
843 47
844 567
844 43
844 674
844 846
844 762
844 44
844 354
844 354
845 44
845 354
845 354
845 20
845 216
846 44
846 354
846 354
846 216
846 740
847 826
847 667
847 468
847 647
847 1056
847 44
847 354
847 354
848 713
848 1095
848 44
848 354
848 354
849 44
849 354
849 354
849 44
849 354
849 354
850 74
850 44
850 354
850 354
850 44
850 354
850 354
851 430
851 430
851 44
851 354
851 354
852 585
852 44
852 354
852 354
853 44
853 354
853 354
853 44
853 354
853 354
854 281
854 281
854 44
854 354
854 354
855 44
855 354
855 354
855 44
855 354
855 354
856 44
856 354
856 354
856 44
856 354
856 354
857 44
857 354
857 354
857 373
857 373
857 485
857 490
857 1027
857 851
857 1142
858 44
858 354
858 354
858 327
858 327
859 441
859 441
859 44
859 354
859 354
859 1235
860 621
860 927
860 44
860 216
860 354
860 354
861 44
861 354
861 354
861 1212
861 1214
861 757
861 528
862 197
862 44
862 354
862 354
863 44
863 354
863 354
863 44
863 354
863 354
864 44
864 354
864 354
864 44
864 354
864 354
865 44
865 354
865 354
865 711
865 695
865 44
865 354
865 354
865 732
865 1077
866 528
866 1379
866 44
866 354
866 354
867 44
867 354
867 354
867 44
867 354
867 354
868 158
868 127
868 44
868 354
868 354
869 44
869 354
869 354
869 44
869 354
869 354
870 585
870 44
870 354
870 354
870 734
871 441
871 441
871 44
871 354
871 354
872 44
872 354
872 354
872 1235
872 224
873 227
873 283
873 324
873 283
873 324
873 44
873 354
873 354
874 456
874 454
874 482
874 783
874 78
874 44
874 354
874 354
875 44
875 216
875 354
875 354
875 516
876 44
876 216
876 354
876 354
876 1235
877 44
877 216
877 354
877 354
877 1235
878 44
878 354
878 354
878 740
878 606
879 44
879 231
879 354
879 354
879 171
879 630
879 676
880 625
880 1233
880 44
880 354
880 354
881 84
881 456
881 172
881 44
881 354
881 354
881 965
882 44
882 354
882 354
882 697
882 1415
883 44
883 216
883 354
883 354
883 693
884 44
884 354
884 354
884 668
884 697
885 813
885 44
885 325
885 354
885 325
885 354
886 44
886 64
886 325
886 354
886 325
886 354
887 203
887 553
887 44
887 354
887 354
887 740
888 44
888 354
888 354
888 550
888 747
888 1003
889 594
889 44
889 354
889 354
889 1013
890 216
890 44
890 354
890 354
891 44
891 44
891 354
891 354
891 354
891 354
892 44
892 354
892 354
892 1166
892 1166
893 44
893 354
893 354
893 44
893 354
893 354
894 44
894 354
894 354
894 453
894 747
894 443
894 443
895 697
895 781
895 44
895 354
895 354
895 1029
896 695
896 44
896 44
896 44
896 216
896 354
896 354
896 354
896 354
896 354
896 354
897 44
897 354
897 354
897 44
897 354
897 354
898 44
898 354
898 354
898 585
898 1120
899 44
899 354
899 354
899 44
899 354
899 354
900 44
900 354
900 354
900 44
900 354
900 354
901 44
901 44
901 354
901 354
901 354
901 354
902 44
902 354
902 354
902 44
902 354
902 354
903 85
903 1411
903 44
903 354
903 354
904 44
904 354
904 354
904 44
904 354
904 354
905 44
905 216
905 354
905 354
905 915
906 44
906 354
906 354
906 44
906 354
906 354
907 128
907 44
907 354
907 354
907 933
907 506
907 733
908 44
908 354
908 354
908 44
908 354
908 354
909 44
909 354
909 354
909 44
909 354
909 354
909 1235
910 44
910 354
910 354
910 44
910 354
910 354
911 44
911 354
911 354
911 44
911 354
911 354
912 44
912 354
912 354
912 44
912 354
912 354
913 44
913 354
913 443
913 354
913 443
914 44
914 354
914 354
914 44
914 354
914 354
915 44
915 354
915 354
915 44
915 354
915 354
916 44
916 44
916 354
916 354
916 354
916 354
917 44
917 216
917 354
917 354
917 1355
918 120
918 44
918 216
918 354
918 354
919 496
919 44
919 354
919 354
919 216
920 44
920 354
920 354
920 168
920 99
920 965
921 44
921 44
921 354
921 354
921 354
921 354
922 165
922 44
922 354
922 354
922 824
922 280
922 282
922 280
922 282
922 149
922 131
923 353
923 353
923 44
923 354
923 354
923 585
924 44
924 354
924 354
924 44
924 354
924 354
925 44
925 354
925 354
925 44
925 354
925 354
926 44
926 44
926 354
926 354
926 354
926 354
926 740
927 44
927 354
927 354
927 44
927 354
927 354
928 44
928 232
928 354
928 354
928 44
928 354
928 354
929 44
929 354
929 354
929 44
929 354
929 354
929 782
930 44
930 354
930 354
930 192
930 216
931 44
931 354
931 354
931 44
931 354
931 354
932 44
932 354
932 354
932 536
932 44
932 354
932 354
933 44
933 354
933 354
933 643
933 1233
934 44
934 354
934 354
934 44
934 354
934 354
935 44
935 44
935 354
935 354
935 354
935 354
936 44
936 354
936 354
936 184
936 241
936 182
936 782
937 80
937 44
937 354
937 354
937 724
938 44
938 354
938 354
938 44
938 354
938 354
939 44
939 354
939 354
939 543
939 690
939 782
939 697
940 44
940 354
940 354
940 216
940 289
940 289
940 50
940 51
941 44
941 354
941 354
941 1360
941 34
942 309
942 309
942 44
942 354
942 354
942 741
942 838
942 1100
942 1099
942 441
942 441
942 1463
943 44
943 354
943 354
943 44
943 354
943 354
944 44
944 309
944 354
944 309
944 354
945 44
945 354
945 354
945 160
945 561
945 772
945 216
946 44
946 354
946 354
946 44
946 354
946 354
947 44
947 44
947 354
947 354
947 354
947 354
948 44
948 293
948 354
948 293
948 354
948 454
949 44
949 216
949 354
949 354
949 740
950 44
950 354
950 354
950 44
950 354
950 354
951 44
951 354
951 354
951 44
951 354
951 354
951 44
951 354
951 354
951 216
952 44
952 354
952 354
952 78
953 44
953 354
953 354
953 44
953 354
953 354
953 44
953 354
953 354
954 44
954 354
954 354
954 44
954 354
954 354
955 44
955 354
955 354
955 44
955 44
955 354
955 354
955 354
955 354
956 44
956 354
956 354
956 44
956 354
956 354
957 45
957 745
957 958
957 1360
957 969
957 968
957 988
957 1285
958 566
958 141
958 45
958 144
958 666
959 142
959 141
959 206
959 578
959 448
959 448
959 45
959 239
959 524
960 45
960 55
960 164
960 292
960 292
960 630
960 676
961 100
961 1206
961 1214
961 1417
961 1437
961 1433
961 1436
961 1025
961 45
961 339
961 339
961 1447
961 159
962 782
962 660
962 843
962 45
962 1410
963 45
963 115
963 716
963 149
963 633
964 625
964 649
964 991
964 453
964 1227
964 50
964 51
964 1028
964 373
964 373
964 772
964 666
964 1233
964 127
964 140
964 179
964 596
964 458
964 156
964 184
964 715
964 916
964 292
964 292
964 324
964 324
964 591
964 595
964 530
964 599
964 1250
964 648
964 765
964 828
964 1255
964 1255
964 444
964 444
964 1260
964 1028
964 613
964 367
964 367
964 45
965 349
965 349
965 755
965 45
965 848
965 693
965 693
965 1349
965 876
965 1192
966 129
966 45
966 894
966 1216
966 1303
966 892
966 1436
966 603
966 479
967 448
967 448
967 373
967 373
967 45
967 512
967 636
968 45
968 45
968 694
968 228
968 1109
968 769
968 1385
968 184
968 528
968 970
968 585
968 1043
968 1113
968 987
968 1121
968 1352
968 1045
968 1384
968 1457
969 45
969 716
969 762
969 913
969 167
970 46
970 93
970 132
970 774
970 824
970 1146
970 1230
971 161
971 500
971 46
971 55
971 90
972 46
972 704
972 505
972 56
972 1146
972 963
972 774
973 782
973 165
973 46
973 69
973 153
973 789
973 865
974 794
974 825
974 46
974 281
974 281
975 500
975 790
975 46
975 113
975 131
975 161
975 896
976 790
976 46
976 756
976 1183
976 1195
976 1446
976 1167
976 351
976 351
976 974
977 46
977 131
977 253
977 253
977 536
978 47
978 221
978 1135
978 1153
979 326
979 326
979 47
979 155
979 221
980 511
980 511
980 511
980 511
980 48
980 512
980 48
980 511
980 511
980 829
980 1151
981 991
981 48
981 970
981 537
982 48
982 743
982 333
982 333
983 90
983 117
983 49
983 131
983 114
984 463
984 49
984 130
984 281
984 281
985 896
985 576
985 89
985 49
985 74
986 49
986 89
986 281
986 281
986 757
987 622
987 623
987 407
987 407
987 504
987 149
987 824
987 49
987 165
987 89
987 121
987 280
987 280
987 282
987 282
987 131
987 597
987 90
987 1218
987 1306
988 49
988 62
988 84
988 129
988 456
988 67
988 252
988 165
988 283
989 49
989 75
989 165
989 311
989 311
989 488
989 488
989 789
990 256
990 256
990 737
990 757
990 49
991 816
991 49
991 490
991 49
991 49
991 188
991 737
991 448
991 448
991 530
992 50
992 51
992 470
992 292
992 292
992 674
993 595
993 430
993 430
993 50
993 51
994 1132
994 471
994 50
994 51
994 473
994 1173
995 327
995 327
995 532
995 1257
995 50
995 51
995 1227
996 587
996 886
996 886
996 889
996 587
996 50
996 51
997 278
997 278
997 869
997 50
997 51
998 54
998 515
998 712
998 752
998 786
998 850
998 872
998 912
998 50
998 51
999 232
999 849
999 1191
999 201
999 52
999 164
999 1108
999 561
1000 50
1000 51
1000 177
1001 50
1001 51
1001 754
1001 693
1001 755
1002 50
1002 51
1002 373
1002 373
1002 526
1003 747
1003 865
1003 50
1003 51
1003 1286
1004 461
1004 50
1004 50
1004 51
1004 51
1004 461
1004 52
1005 52
1005 206
1005 783
1005 809
1005 1204
1006 373
1006 373
1006 50
1006 50
1006 51
1006 51
1007 52
1007 439
1007 439
1007 439
1007 439
1008 54
1008 515
1008 712
1008 752
1008 786
1008 850
1008 872
1008 912
1008 50
1008 51
1009 50
1009 51
1009 124
1009 893
1009 854
1010 373
1010 373
1010 747
1010 1418
1010 201
1010 865
1010 1227
1010 1227
1010 808
1010 925
1010 1227
1010 50
1010 51
1011 86
1011 231
1011 747
1011 1304
1011 50
1011 50
1011 51
1011 51
1011 124
1011 1279
1011 1315
1011 453
1012 171
1012 53
1012 50
1012 51
1012 961
1012 50
1012 50
1012 51
1012 51
1013 1202
1013 50
1013 51
1013 239
1013 524
1014 53
1014 50
1014 51
1014 373
1014 373
1014 373
1014 373
1014 371
1014 371
1015 50
1015 50
1015 51
1015 51
1015 470
1016 50
1016 51
1016 1268
1016 763
1016 373
1016 373
1016 1418
1017 50
1017 50
1017 50
1017 51
1017 51
1017 51
1018 50
1018 50
1018 51
1018 51
1018 50
1018 51
1018 199
1018 198
1018 649
1018 50
1018 51
1019 232
1019 1057
1019 103
1019 168
1019 50
1019 51
1019 54
1019 515
1019 594
1019 712
1019 752
1019 786
1019 850
1019 872
1019 912
1020 50
1020 51
1020 173
1020 921
1020 533
1020 965
1020 50
1020 51
1020 921
1021 528
1021 528
1021 528
1021 588
1021 50
1021 51
1021 1255
1021 1262
1022 50
1022 51
1022 1123
1022 50
1022 51
1023 50
1023 51
1023 50
1023 50
1023 51
1023 51
1024 50
1024 50
1024 51
1024 51
1024 1268
1025 50
1025 51
1025 50
1025 50
1025 51
1025 51
1026 50
1026 50
1026 51
1026 51
1026 899
1026 50
1026 50
1026 51
1026 51
1026 795
1027 50
1027 51
1027 746
1027 583
1027 1136
1028 50
1028 51
1028 50
1028 51
1028 50
1028 51
1028 1268
1028 782
1028 755
1028 1210
1029 177
1029 50
1029 51
1029 295
1029 295
1030 371
1030 373
1030 371
1030 373
1030 50
1030 51
1030 925
1031 50
1031 51
1031 458
1031 50
1031 51
1032 50
1032 54
1032 51
1032 515
1032 712
1032 752
1032 786
1032 850
1032 872
1032 912
1032 514
1033 50
1033 50
1033 51
1033 51
1033 50
1033 51
1034 308
1034 308
1034 175
1034 574
1034 571
1034 373
1034 373
1034 50
1034 51
1034 297
1034 303
1034 297
1034 303
1034 990
1034 1414
1034 1421
1034 554
1034 169
1034 648
1034 449
1034 493
1035 54
1035 515
1035 712
1035 752
1035 786
1035 850
1035 872
1035 912
1036 54
1036 515
1036 712
1036 752
1036 786
1036 850
1036 872
1036 912
1037 54
1037 515
1037 712
1037 752
1037 786
1037 850
1037 872
1037 912
1038 54
1038 515
1038 712
1038 752
1038 786
1038 850
1038 912
1039 54
1039 515
1039 712
1039 752
1039 786
1039 850
1040 54
1040 514
1040 515
1040 712
1040 752
1040 786
1040 850
1041 54
1041 515
1041 712
1041 786
1041 850
1041 961
1042 54
1042 515
1042 712
1042 752
1042 786
1042 850
1042 872
1042 912
1043 54
1043 515
1043 712
1043 752
1043 786
1043 850
1043 872
1043 912
1044 54
1044 515
1044 712
1044 752
1044 786
1044 850
1044 872
1045 54
1045 515
1045 712
1045 752
1045 786
1045 850
1046 54
1046 515
1046 712
1046 752
1046 786
1046 850
1046 872
1046 912
1047 54
1047 515
1047 712
1047 752
1047 786
1047 850
1047 872
1047 912
1048 698
1048 54
1048 515
1048 712
1048 752
1048 786
1048 850
1048 872
1048 912
1049 54
1049 515
1049 712
1049 752
1049 786
1049 850
1049 872
1049 912
1050 54
1050 515
1050 712
1050 752
1050 786
1050 850
1050 872
1050 912
1051 54
1051 515
1051 712
1051 752
1051 786
1051 850
1051 872
1051 912
1052 54
1052 515
1052 712
1052 752
1052 786
1052 850
1052 872
1052 912
1053 54
1053 515
1053 712
1053 752
1053 786
1053 850
1053 872
1053 912
1054 54
1054 515
1054 712
1054 752
1054 786
1054 850
1054 872
1054 912
1055 54
1055 515
1055 712
1055 752
1055 786
1055 850
1055 872
1055 912
1056 54
1056 515
1056 712
1056 752
1056 786
1056 850
1057 54
1057 515
1057 712
1057 752
1057 786
1057 850
1058 461
1058 54
1058 515
1058 712
1058 752
1058 786
1058 850
1058 872
1058 912
1059 54
1059 515
1059 712
1059 752
1059 786
1059 850
1060 54
1060 515
1060 712
1060 752
1060 786
1060 850
1060 872
1060 912
1061 54
1061 515
1061 712
1061 752
1061 786
1061 850
1062 54
1062 515
1062 712
1062 752
1062 786
1062 850
1062 872
1062 912
1063 54
1063 515
1063 712
1063 752
1063 786
1063 850
1063 872
1063 912
1064 54
1064 515
1064 712
1064 752
1064 786
1064 850
1065 54
1065 515
1065 712
1065 752
1065 786
1065 850
1065 872
1065 912
1066 54
1066 515
1066 712
1066 752
1066 786
1066 850
1067 54
1067 515
1067 712
1067 752
1067 786
1067 850
1067 872
1067 912
1068 54
1068 515
1068 712
1068 752
1068 786
1068 850
1068 872
1068 912
1069 54
1069 515
1069 712
1069 752
1069 786
1069 850
1069 872
1069 912
1070 54
1070 515
1070 712
1070 752
1070 786
1070 850
1070 872
1070 912
1070 164
1071 54
1071 515
1071 712
1071 752
1071 786
1071 850
1071 872
1071 912
1072 54
1072 515
1072 712
1072 752
1072 786
1072 850
1072 872
1072 912
1073 54
1073 515
1073 712
1073 752
1073 786
1073 850
1073 872
1073 912
1074 54
1074 515
1074 712
1074 752
1074 786
1074 850
1074 872
1074 912
1075 54
1075 515
1075 712
1075 752
1075 786
1075 850
1075 872
1075 912
1076 54
1076 515
1076 712
1076 752
1076 786
1076 850
1076 872
1076 912
1077 54
1077 515
1077 712
1077 752
1077 786
1077 850
1077 872
1077 912
1078 54
1078 515
1078 712
1078 752
1078 786
1078 850
1078 872
1078 912
1079 54
1079 515
1079 712
1079 752
1079 786
1079 850
1079 872
1079 912
1080 54
1080 515
1080 712
1080 752
1080 786
1080 850
1080 872
1080 912
1081 54
1081 515
1081 712
1081 752
1081 786
1081 850
1081 872
1081 912
1082 54
1082 515
1082 712
1082 752
1082 786
1082 850
1082 872
1082 912
1083 54
1083 515
1083 620
1083 712
1083 752
1083 786
1083 850
1083 872
1083 912
1084 54
1084 515
1084 712
1084 752
1084 786
1084 850
1084 872
1084 912
1085 54
1085 515
1085 712
1085 752
1085 786
1085 850
1085 872
1085 912
1085 885
1085 1289
1086 54
1086 515
1086 712
1086 752
1086 786
1086 850
1086 872
1086 912
1087 54
1087 515
1087 712
1087 752
1087 786
1087 850
1087 872
1087 912
1088 54
1088 515
1088 712
1088 752
1088 786
1088 850
1088 872
1088 912
1089 54
1089 515
1089 712
1089 752
1089 786
1089 850
1089 872
1089 912
1090 54
1090 515
1090 712
1090 752
1090 786
1090 850
1090 872
1090 912
1091 54
1091 515
1091 712
1091 752
1091 786
1091 850
1091 872
1091 912
1092 770
1092 203
1092 569
1092 580
1092 921
1092 539
1092 1255
1092 54
1092 305
1092 305
1092 490
1092 515
1092 712
1092 752
1092 786
1092 850
1092 868
1092 872
1092 912
1093 54
1093 515
1093 712
1093 752
1093 786
1093 850
1093 872
1093 912
1094 54
1094 515
1094 712
1094 752
1094 786
1094 850
1094 872
1094 912
1095 54
1095 515
1095 712
1095 752
1095 786
1095 850
1095 872
1095 912
1096 54
1096 515
1096 712
1096 752
1096 786
1096 850
1096 872
1096 912
1097 54
1097 515
1097 712
1097 752
1097 786
1097 850
1097 872
1097 912
1098 54
1098 515
1098 712
1098 752
1098 786
1098 850
1098 872
1098 912
1099 54
1099 515
1099 712
1099 752
1099 786
1099 850
1099 872
1099 912
1100 54
1100 515
1100 712
1100 752
1100 786
1100 850
1100 872
1100 912
1101 54
1101 515
1101 712
1101 752
1101 786
1101 850
1101 872
1101 912
1102 54
1102 515
1102 712
1102 752
1102 786
1102 850
1102 872
1102 912
1103 54
1103 515
1103 712
1103 752
1103 786
1103 850
1103 872
1103 912
1104 54
1104 515
1104 712
1104 752
1104 786
1104 850
1104 872
1104 912
1105 54
1105 515
1105 712
1105 752
1105 786
1105 850
1105 872
1105 912
1106 54
1106 515
1106 691
1106 712
1106 752
1106 786
1106 850
1106 872
1106 912
1107 54
1107 515
1107 712
1107 752
1107 786
1107 850
1107 872
1107 912
1108 54
1108 515
1108 712
1108 752
1108 786
1108 850
1108 872
1108 912
1109 54
1109 515
1109 712
1109 752
1109 786
1109 850
1109 872
1109 912
1110 70
1110 54
1110 515
1110 712
1110 752
1110 786
1110 850
1110 872
1110 912
1111 54
1111 515
1111 712
1111 752
1111 786
1111 850
1111 872
1111 912
1112 54
1112 515
1112 712
1112 752
1112 786
1112 850
1112 872
1112 912
1113 54
1113 515
1113 712
1113 752
1113 786
1113 850
1113 872
1113 912
1114 54
1114 515
1114 712
1114 752
1114 786
1114 850
1114 872
1114 912
1115 54
1115 515
1115 712
1115 752
1115 786
1115 850
1115 872
1115 912
1116 54
1116 515
1116 712
1116 752
1116 786
1116 850
1116 872
1116 912
1117 54
1117 515
1117 712
1117 752
1117 786
1117 850
1117 872
1117 912
1118 54
1118 515
1118 712
1118 752
1118 786
1118 850
1118 872
1118 912
1119 54
1119 515
1119 712
1119 752
1119 786
1119 850
1119 872
1119 912
1119 401
1119 401
1120 54
1120 515
1120 712
1120 752
1120 786
1120 850
1120 872
1120 912
1121 54
1121 515
1121 712
1121 752
1121 786
1121 850
1121 872
1121 912
1122 54
1122 515
1122 712
1122 752
1122 786
1122 850
1122 872
1122 912
1123 54
1123 515
1123 712
1123 752
1123 786
1123 850
1123 872
1123 912
1124 54
1124 515
1124 712
1124 752
1124 786
1124 850
1124 872
1124 912
1125 54
1125 515
1125 712
1125 752
1125 786
1125 850
1125 872
1125 912
1126 54
1126 515
1126 712
1126 752
1126 786
1126 850
1126 872
1126 912
1127 54
1127 515
1127 712
1127 752
1127 786
1127 850
1127 872
1127 912
1128 54
1128 515
1128 712
1128 752
1128 786
1128 850
1128 872
1128 912
1129 54
1129 515
1129 712
1129 752
1129 786
1129 850
1129 872
1129 912
1130 54
1130 515
1130 712
1130 752
1130 786
1130 850
1130 872
1130 912
1131 54
1131 515
1131 712
1131 752
1131 786
1131 850
1131 872
1131 912
1132 54
1132 515
1132 712
1132 752
1132 786
1132 850
1132 872
1132 912
1133 54
1133 515
1133 712
1133 752
1133 786
1133 850
1133 872
1133 912
1134 54
1134 79
1134 515
1134 712
1134 752
1134 786
1134 850
1134 872
1134 912
1135 54
1135 515
1135 712
1135 752
1135 786
1135 850
1135 872
1135 912
1136 165
1136 789
1136 54
1136 515
1136 712
1136 752
1136 786
1136 850
1136 872
1136 912
1137 54
1137 515
1137 712
1137 752
1137 786
1137 850
1137 872
1137 912
1138 54
1138 515
1138 712
1138 752
1138 786
1138 850
1138 872
1138 912
1139 54
1139 515
1139 712
1139 752
1139 786
1139 850
1139 872
1139 912
1139 606
1140 54
1140 515
1140 712
1140 752
1140 786
1140 850
1140 872
1140 912
1141 54
1141 515
1141 712
1141 752
1141 786
1141 850
1141 872
1141 912
1142 54
1142 515
1142 712
1142 752
1142 786
1142 850
1142 872
1142 912
1143 54
1143 515
1143 712
1143 752
1143 786
1143 850
1143 872
1143 912
1144 54
1144 515
1144 526
1144 712
1144 752
1144 786
1144 850
1144 872
1144 912
1144 840
1144 840
1144 197
1144 608
1144 203
1144 373
1144 373
1144 1227
1144 1418
1145 54
1145 515
1145 712
1145 752
1145 786
1145 850
1145 872
1145 912
1146 54
1146 515
1146 712
1146 752
1146 786
1146 850
1146 872
1146 912
1147 54
1147 54
1147 515
1147 515
1147 712
1147 712
1147 752
1147 752
1147 786
1147 786
1147 850
1147 850
1147 872
1147 872
1147 912
1147 912
1148 54
1148 515
1148 712
1148 752
1148 786
1148 850
1148 872
1148 912
1149 54
1149 515
1149 712
1149 752
1149 786
1149 850
1149 872
1149 912
1150 54
1150 515
1150 712
1150 752
1150 786
1150 850
1150 872
1150 912
1151 54
1151 515
1151 712
1151 752
1151 786
1151 850
1151 872
1151 912
1152 553
1152 54
1152 515
1152 712
1152 752
1152 786
1152 850
1152 872
1152 912
1153 54
1153 515
1153 712
1153 752
1153 786
1153 850
1153 872
1153 912
1154 54
1154 515
1154 712
1154 752
1154 786
1154 850
1154 872
1154 912
1154 754
1155 54
1155 515
1155 712
1155 752
1155 786
1155 850
1155 872
1155 912
1156 54
1156 515
1156 712
1156 752
1156 786
1156 850
1156 872
1156 912
1157 54
1157 515
1157 712
1157 752
1157 786
1157 850
1157 872
1157 912
1158 54
1158 515
1158 712
1158 752
1158 786
1158 850
1158 872
1158 912
1159 54
1159 515
1159 712
1159 752
1159 786
1159 850
1159 872
1159 912
1160 54
1160 515
1160 712
1160 752
1160 786
1160 850
1160 872
1160 912
1161 54
1161 515
1161 712
1161 752
1161 786
1161 850
1161 872
1161 912
1162 54
1162 515
1162 712
1162 752
1162 786
1162 850
1162 872
1162 912
1163 54
1163 515
1163 712
1163 752
1163 786
1163 850
1163 872
1163 912
1164 54
1164 515
1164 712
1164 752
1164 786
1164 850
1164 872
1164 912
1165 54
1165 515
1165 712
1165 752
1165 786
1165 850
1165 872
1165 912
1166 54
1166 515
1166 712
1166 752
1166 786
1166 850
1166 872
1166 912
1166 54
1166 515
1166 712
1166 752
1166 786
1166 850
1166 872
1166 912
1167 54
1167 515
1167 712
1167 752
1167 786
1167 850
1167 872
1167 912
1168 54
1168 515
1168 712
1168 752
1168 786
1168 850
1168 872
1168 912
1169 54
1169 515
1169 712
1169 752
1169 786
1169 850
1169 872
1169 912
1169 1297
1170 54
1170 515
1170 712
1170 752
1170 786
1170 850
1170 872
1170 912
1171 54
1171 515
1171 712
1171 752
1171 786
1171 850
1171 872
1171 912
1172 54
1172 515
1172 712
1172 752
1172 786
1172 850
1172 872
1172 912
1173 54
1173 515
1173 712
1173 752
1173 786
1173 850
1173 872
1173 912
1174 54
1174 515
1174 712
1174 752
1174 786
1174 850
1174 872
1174 912
1174 531
1175 54
1175 515
1175 712
1175 752
1175 786
1175 850
1175 872
1175 912
1176 54
1176 515
1176 712
1176 752
1176 786
1176 850
1176 872
1176 912
1177 54
1177 515
1177 712
1177 752
1177 786
1177 850
1177 872
1177 912
1178 54
1178 515
1178 712
1178 752
1178 786
1178 850
1178 872
1178 912
1179 54
1179 515
1179 712
1179 752
1179 786
1179 850
1179 872
1179 912
1180 54
1180 515
1180 712
1180 752
1180 786
1180 850
1180 872
1180 912
1181 54
1181 515
1181 712
1181 752
1181 786
1181 850
1181 872
1181 912
1182 54
1182 515
1182 712
1182 752
1182 786
1182 850
1182 872
1182 912
1183 54
1183 515
1183 712
1183 752
1183 786
1183 850
1183 872
1183 912
1184 54
1184 515
1184 712
1184 752
1184 786
1184 850
1184 872
1184 912
1185 54
1185 515
1185 712
1185 752
1185 786
1185 850
1185 872
1185 912
1186 54
1186 515
1186 712
1186 752
1186 786
1186 850
1186 872
1186 912
1186 54
1186 515
1186 712
1186 752
1186 786
1186 850
1186 872
1186 912
1187 54
1187 515
1187 712
1187 752
1187 786
1187 850
1188 54
1188 515
1188 712
1188 752
1188 786
1188 850
1188 872
1188 912
1189 643
1189 54
1189 515
1189 712
1189 752
1189 786
1189 850
1189 872
1189 912
1190 54
1190 515
1190 712
1190 752
1190 786
1190 850
1190 872
1190 912
1191 54
1191 515
1191 712
1191 752
1191 786
1191 850
1191 872
1191 912
1192 54
1192 515
1192 712
1192 752
1192 786
1192 850
1192 872
1192 912
1193 54
1193 515
1193 712
1193 752
1193 786
1193 850
1193 872
1193 912
1194 54
1194 515
1194 712
1194 752
1194 786
1194 850
1194 872
1194 912
1195 54
1195 515
1195 712
1195 752
1195 786
1195 850
1195 872
1195 912
1196 54
1196 515
1196 712
1196 752
1196 786
1196 850
1196 872
1196 912
1197 54
1197 515
1197 712
1197 752
1197 786
1197 850
1197 872
1197 912
1198 54
1198 515
1198 712
1198 752
1198 786
1198 850
1198 872
1198 912
1199 54
1199 515
1199 712
1199 752
1199 786
1199 850
1199 872
1199 912
1200 54
1200 515
1200 712
1200 752
1200 786
1200 850
1200 872
1200 912
1201 54
1201 515
1201 712
1201 752
1201 786
1201 850
1201 872
1201 912
1202 54
1202 515
1202 712
1202 752
1202 786
1202 850
1202 872
1202 912
1203 54
1203 515
1203 712
1203 752
1203 786
1203 850
1203 872
1203 912
1204 54
1204 515
1204 712
1204 752
1204 786
1204 850
1204 872
1204 912
1205 54
1205 54
1205 54
1205 54
1205 515
1205 515
1205 515
1205 515
1205 712
1205 712
1205 712
1205 712
1205 752
1205 752
1205 752
1205 752
1205 786
1205 786
1205 786
1205 786
1205 850
1205 850
1205 850
1205 850
1205 872
1205 872
1205 872
1205 872
1205 912
1205 912
1205 912
1205 912
1206 54
1206 515
1206 712
1206 752
1206 786
1206 850
1206 872
1206 912
1207 54
1207 515
1207 712
1207 752
1207 786
1207 850
1207 872
1207 912
1208 54
1208 515
1208 712
1208 752
1208 786
1208 850
1208 872
1208 912
1209 54
1209 515
1209 712
1209 752
1209 786
1209 850
1209 872
1209 912
1209 530
1210 54
1210 515
1210 712
1210 752
1210 786
1210 850
1210 872
1210 912
1210 54
1210 515
1210 712
1210 752
1210 786
1210 850
1210 872
1210 912
1211 54
1211 515
1211 712
1211 752
1211 786
1211 850
1211 872
1211 912
1212 54
1212 514
1212 515
1212 712
1212 752
1212 786
1212 850
1212 872
1212 912
1213 54
1213 515
1213 712
1213 752
1213 786
1213 850
1213 872
1213 912
1214 54
1214 54
1214 515
1214 515
1214 712
1214 712
1214 752
1214 752
1214 786
1214 786
1214 850
1214 850
1214 872
1214 872
1214 912
1214 912
1215 54
1215 515
1215 712
1215 752
1215 786
1215 850
1215 872
1215 912
1216 54
1216 515
1216 712
1216 752
1216 786
1216 850
1216 872
1216 912
1217 232
1217 858
1217 933
1217 54
1217 515
1217 712
1217 752
1217 786
1217 850
1217 872
1217 912
1217 699
1217 1095
1218 54
1218 515
1218 712
1218 752
1218 786
1218 850
1218 872
1218 912
1219 54
1219 515
1219 712
1219 752
1219 786
1219 850
1219 872
1219 912
1220 54
1220 515
1220 712
1220 752
1220 786
1220 850
1220 872
1220 912
1221 54
1221 54
1221 515
1221 515
1221 712
1221 712
1221 752
1221 752
1221 786
1221 786
1221 850
1221 850
1221 872
1221 872
1221 912
1221 912
1222 54
1222 515
1222 712
1222 752
1222 786
1222 850
1222 872
1222 912
1223 85
1223 54
1223 515
1223 712
1223 752
1223 786
1223 850
1223 872
1223 912
1223 961
1224 54
1224 515
1224 712
1224 752
1224 786
1224 850
1224 872
1224 912
1225 54
1225 515
1225 712
1225 752
1225 786
1225 850
1225 872
1225 912
1226 54
1226 515
1226 712
1226 752
1226 786
1226 850
1226 872
1226 912
1226 203
1227 54
1227 515
1227 712
1227 752
1227 786
1227 850
1227 872
1227 912
1228 54
1228 515
1228 712
1228 752
1228 786
1228 850
1228 872
1228 912
1229 54
1229 515
1229 712
1229 752
1229 786
1229 850
1229 872
1229 912
1230 54
1230 515
1230 712
1230 752
1230 786
1230 850
1230 872
1230 912
1231 54
1231 515
1231 712
1231 752
1231 786
1231 850
1231 872
1231 912
1232 54
1232 515
1232 712
1232 752
1232 786
1232 850
1232 872
1232 912
1233 54
1233 515
1233 712
1233 752
1233 786
1233 850
1233 872
1233 912
1234 54
1234 515
1234 712
1234 752
1234 786
1234 850
1234 872
1234 912
1234 54
1234 515
1234 712
1234 752
1234 786
1234 850
1234 872
1234 912
1235 54
1235 515
1235 712
1235 752
1235 786
1235 850
1235 872
1235 912
1236 54
1236 515
1236 712
1236 752
1236 786
1236 850
1236 872
1236 912
1237 54
1237 515
1237 712
1237 752
1237 786
1237 850
1237 872
1237 912
1237 627
1237 933
1238 54
1238 515
1238 712
1238 752
1238 786
1238 850
1238 872
1238 912
1239 54
1239 514
1239 515
1239 712
1239 752
1239 786
1239 850
1239 872
1239 912
1240 54
1240 515
1240 712
1240 752
1240 786
1240 850
1240 872
1240 912
1241 203
1241 54
1241 515
1241 712
1241 752
1241 786
1241 850
1241 872
1241 912
1242 54
1242 515
1242 712
1242 752
1242 786
1242 850
1242 872
1242 912
1243 54
1243 54
1243 54
1243 54
1243 515
1243 515
1243 515
1243 515
1243 712
1243 712
1243 712
1243 712
1243 752
1243 752
1243 752
1243 752
1243 786
1243 786
1243 786
1243 786
1243 850
1243 850
1243 850
1243 850
1243 872
1243 872
1243 872
1243 872
1243 912
1243 912
1243 912
1243 912
1243 461
1244 54
1244 515
1244 712
1244 752
1244 786
1244 850
1244 872
1244 912
1245 54
1245 515
1245 712
1245 752
1245 786
1245 850
1246 54
1246 515
1246 712
1246 752
1246 786
1246 850
1246 872
1246 912
1247 54
1247 515
1247 712
1247 752
1247 786
1247 850
1247 872
1247 912
1248 54
1248 515
1248 712
1248 752
1248 786
1248 850
1248 872
1248 912
1249 54
1249 515
1249 712
1249 752
1249 786
1249 850
1249 872
1249 912
1250 54
1250 515
1250 712
1250 752
1250 786
1250 850
1250 872
1250 912
1251 54
1251 515
1251 712
1251 752
1251 786
1251 850
1251 872
1251 912
1252 54
1252 515
1252 712
1252 752
1252 786
1252 850
1252 872
1252 912
1253 54
1253 515
1253 712
1253 752
1253 786
1253 850
1253 872
1253 912
1254 54
1254 515
1254 712
1254 752
1254 786
1254 850
1254 872
1254 912
1255 54
1255 515
1255 712
1255 752
1255 786
1255 850
1255 872
1255 912
1256 54
1256 515
1256 712
1256 752
1256 786
1256 850
1256 872
1256 912
1257 54
1257 515
1257 712
1257 752
1257 786
1257 850
1257 872
1257 912
1258 54
1258 515
1258 712
1258 752
1258 786
1258 850
1258 872
1258 912
1258 203
1259 54
1259 54
1259 515
1259 515
1259 712
1259 712
1259 752
1259 752
1259 786
1259 786
1259 850
1259 850
1259 872
1259 872
1259 912
1259 912
1260 54
1260 515
1260 712
1260 752
1260 786
1260 850
1260 872
1260 912
1261 54
1261 515
1261 712
1261 752
1261 786
1261 850
1261 872
1261 912
1262 54
1262 515
1262 712
1262 752
1262 786
1262 850
1262 872
1262 912
1263 54
1263 515
1263 712
1263 752
1263 786
1263 850
1263 872
1263 912
1264 587
1264 587
1264 54
1264 515
1264 712
1264 752
1264 786
1264 850
1264 872
1264 912
1265 54
1265 515
1265 712
1265 752
1265 786
1265 850
1265 872
1265 912
1265 691
1266 54
1266 515
1266 712
1266 752
1266 786
1266 850
1266 872
1266 912
1267 54
1267 515
1267 712
1267 752
1267 786
1267 850
1267 872
1267 912
1268 54
1268 515
1268 712
1268 752
1268 786
1268 850
1268 872
1268 912
1269 54
1269 515
1269 712
1269 752
1269 786
1269 850
1269 872
1269 912
1270 54
1270 515
1270 712
1270 752
1270 786
1270 850
1270 872
1270 912
1270 808
1270 527
1271 54
1271 515
1271 712
1271 752
1271 786
1271 850
1271 872
1271 912
1272 54
1272 515
1272 712
1272 752
1272 786
1272 850
1272 872
1272 912
1273 54
1273 515
1273 712
1273 752
1273 786
1273 850
1273 872
1273 912
1274 54
1274 515
1274 712
1274 752
1274 786
1274 850
1275 54
1275 515
1275 712
1275 752
1275 786
1275 850
1275 872
1275 912
1276 54
1276 515
1276 712
1276 752
1276 786
1276 850
1276 872
1276 912
1277 54
1277 515
1277 712
1277 752
1277 786
1277 850
1278 204
1278 54
1278 515
1278 712
1278 752
1278 786
1278 850
1278 872
1278 912
1279 54
1279 515
1279 712
1279 752
1279 786
1279 850
1279 872
1279 912
1280 54
1280 515
1280 712
1280 752
1280 786
1280 850
1280 872
1280 912
1281 54
1281 515
1281 712
1281 752
1281 786
1281 850
1281 872
1281 912
1282 54
1282 515
1282 712
1282 752
1282 786
1282 850
1283 54
1283 515
1283 712
1283 752
1283 786
1283 850
1283 872
1283 912
1284 54
1284 515
1284 712
1284 752
1284 786
1284 850
1284 872
1284 912
1285 54
1285 515
1285 712
1285 752
1285 786
1285 850
1285 872
1285 912
1286 54
1286 515
1286 712
1286 752
1286 786
1286 850
1286 872
1286 912
1287 54
1287 515
1287 712
1287 752
1287 786
1287 850
1287 872
1287 912
1288 707
1288 54
1288 54
1288 515
1288 712
1288 752
1288 786
1288 850
1288 872
1288 912
1289 54
1289 515
1289 712
1289 752
1289 786
1289 850
1289 872
1289 912
1290 54
1290 515
1290 712
1290 752
1290 786
1290 850
1290 872
1290 912
1291 54
1291 515
1291 712
1291 752
1291 786
1291 850
1291 872
1291 912
1292 54
1292 515
1292 712
1292 752
1292 786
1292 850
1292 872
1292 912
1293 54
1293 515
1293 712
1293 752
1293 786
1293 850
1293 872
1293 912
1294 54
1294 203
1294 515
1294 712
1294 752
1294 786
1294 850
1294 872
1294 912
1295 54
1295 515
1295 712
1295 752
1295 786
1295 850
1295 872
1295 912
1296 54
1296 515
1296 712
1296 752
1296 786
1296 850
1296 872
1296 912
1297 54
1297 515
1297 712
1297 752
1297 786
1297 850
1297 872
1297 912
1298 54
1298 515
1298 712
1298 752
1298 786
1298 850
1298 872
1298 912
1299 54
1299 515
1299 712
1299 752
1299 786
1299 850
1299 872
1299 912
1300 54
1300 515
1300 712
1300 752
1300 786
1300 850
1300 872
1300 912
1301 54
1301 515
1301 712
1301 752
1301 786
1301 850
1301 872
1301 912
1302 54
1302 515
1302 712
1302 752
1302 786
1302 850
1302 872
1302 912
1303 54
1303 515
1303 712
1303 752
1303 786
1303 850
1303 872
1303 912
1304 54
1304 515
1304 712
1304 752
1304 786
1304 850
1304 872
1304 912
1305 54
1305 515
1305 712
1305 752
1305 786
1305 850
1305 872
1305 912
1306 54
1306 515
1306 712
1306 752
1306 786
1306 850
1306 872
1306 912
1307 54
1307 515
1307 712
1307 752
1307 786
1307 850
1307 872
1307 912
1308 54
1308 515
1308 712
1308 752
1308 786
1308 850
1308 872
1308 912
1309 54
1309 515
1309 712
1309 752
1309 786
1309 850
1309 872
1309 912
1310 54
1310 515
1310 712
1310 752
1310 786
1310 850
1310 872
1310 912
1311 373
1311 373
1311 54
1311 515
1311 712
1311 752
1311 786
1311 850
1311 872
1311 912
1311 54
1311 515
1311 712
1311 752
1311 786
1311 850
1311 872
1311 912
1312 54
1312 515
1312 712
1312 752
1312 786
1312 850
1312 872
1312 912
1313 54
1313 515
1313 712
1313 752
1313 786
1313 850
1313 872
1313 912
1314 54
1314 515
1314 712
1314 752
1314 786
1314 850
1314 872
1314 912
1315 54
1315 515
1315 712
1315 752
1315 786
1315 850
1315 872
1315 912
1316 54
1316 515
1316 712
1316 752
1316 786
1316 850
1316 872
1316 912
1316 165
1317 54
1317 515
1317 712
1317 752
1317 786
1317 850
1317 872
1317 912
1318 54
1318 203
1318 515
1318 712
1318 752
1318 786
1318 850
1318 872
1318 912
1319 54
1319 515
1319 712
1319 752
1319 786
1319 850
1319 872
1319 912
1320 54
1320 515
1320 712
1320 752
1320 786
1320 850
1320 872
1320 912
1321 54
1321 515
1321 712
1321 752
1321 786
1321 850
1321 872
1321 912
1322 54
1322 515
1322 712
1322 752
1322 786
1322 850
1322 872
1322 912
1323 54
1323 515
1323 712
1323 752
1323 786
1323 850
1323 872
1323 912
1324 54
1324 515
1324 712
1324 752
1324 786
1324 850
1324 872
1324 912
1325 54
1325 515
1325 712
1325 752
1325 786
1325 850
1325 872
1325 912
1326 54
1326 515
1326 712
1326 752
1326 786
1326 850
1326 872
1326 912
1327 54
1327 515
1327 712
1327 752
1327 786
1327 850
1328 54
1328 515
1328 712
1328 752
1328 786
1328 850
1328 872
1328 912
1329 373
1329 373
1329 54
1329 515
1329 712
1329 752
1329 786
1329 850
1329 872
1329 912
1330 54
1330 515
1330 712
1330 752
1330 786
1330 850
1330 872
1330 912
1331 54
1331 515
1331 712
1331 752
1331 786
1331 850
1331 872
1331 912
1332 54
1332 515
1332 712
1332 752
1332 786
1332 850
1332 872
1332 912
1333 54
1333 515
1333 712
1333 752
1333 786
1333 850
1333 872
1333 912
1334 54
1334 515
1334 712
1334 752
1334 786
1334 850
1334 872
1334 912
1334 530
1335 54
1335 515
1335 712
1335 752
1335 786
1335 850
1335 872
1335 912
1336 54
1336 515
1336 712
1336 752
1336 786
1336 850
1336 872
1336 912
1336 221
1337 54
1337 515
1337 712
1337 752
1337 786
1337 850
1337 872
1337 912
1338 54
1338 515
1338 712
1338 752
1338 786
1338 850
1338 872
1338 912
1339 54
1339 515
1339 712
1339 752
1339 786
1339 850
1339 872
1339 912
1340 54
1340 515
1340 712
1340 752
1340 786
1340 850
1340 872
1340 912
1341 54
1341 515
1341 712
1341 752
1341 786
1341 850
1341 872
1341 912
1342 54
1342 515
1342 712
1342 752
1342 786
1342 850
1342 872
1342 912
1343 54
1343 515
1343 712
1343 752
1343 786
1343 850
1343 872
1343 912
1344 54
1344 515
1344 712
1344 752
1344 786
1344 850
1344 872
1344 912
1345 54
1345 515
1345 712
1345 752
1345 786
1345 850
1345 872
1345 912
1346 54
1346 515
1346 712
1346 752
1346 786
1346 850
1346 872
1346 912
1347 54
1347 515
1347 712
1347 752
1347 786
1347 850
1347 872
1347 912
1348 54
1348 515
1348 712
1348 752
1348 786
1348 850
1348 872
1348 912
1349 54
1349 515
1349 712
1349 752
1349 786
1349 850
1349 872
1349 912
1350 54
1350 515
1350 712
1350 752
1350 786
1350 850
1350 872
1350 912
1351 54
1351 515
1351 712
1351 752
1351 786
1351 850
1351 872
1351 912
1352 54
1352 515
1352 712
1352 752
1352 786
1352 850
1352 872
1352 912
1353 54
1353 515
1353 712
1353 752
1353 786
1353 850
1353 872
1353 912
1353 177
1354 54
1354 515
1354 712
1354 752
1354 786
1354 850
1354 872
1354 912
1354 54
1355 54
1355 54
1355 515
1355 712
1355 752
1355 786
1355 850
1355 872
1355 912
1356 54
1356 515
1356 712
1356 752
1356 786
1356 850
1356 872
1356 912
1357 54
1357 515
1357 712
1357 752
1357 786
1357 850
1357 872
1357 912
1358 54
1358 515
1358 712
1358 752
1358 786
1358 850
1358 872
1358 912
1359 54
1359 515
1359 712
1359 752
1359 786
1359 850
1359 872
1359 912
1360 54
1360 515
1360 712
1360 752
1360 786
1360 850
1360 872
1360 912
1361 54
1361 515
1361 712
1361 752
1361 786
1361 850
1361 872
1361 912
1362 54
1362 515
1362 712
1362 752
1362 786
1362 850
1362 872
1362 912
1363 54
1363 515
1363 712
1363 752
1363 786
1363 850
1363 872
1363 912
1364 54
1364 515
1364 712
1364 752
1364 786
1364 850
1364 872
1364 912
1365 54
1365 54
1365 515
1365 515
1365 712
1365 712
1365 752
1365 752
1365 786
1365 786
1365 850
1365 850
1365 872
1365 872
1365 912
1365 912
1366 54
1366 514
1366 515
1366 712
1366 752
1366 786
1366 850
1366 872
1366 912
1366 203
1367 54
1367 515
1367 712
1367 752
1367 786
1367 850
1367 872
1367 912
1368 54
1368 515
1368 712
1368 752
1368 786
1368 850
1368 872
1368 912
1369 54
1369 515
1369 712
1369 752
1369 786
1369 850
1369 872
1369 912
1370 54
1370 515
1370 712
1370 752
1370 786
1370 850
1370 872
1370 912
1371 54
1371 515
1371 712
1371 752
1371 786
1371 850
1371 872
1371 912
1372 54
1372 515
1372 712
1372 752
1372 786
1372 850
1372 872
1372 912
1373 54
1373 515
1373 712
1373 752
1373 786
1373 850
1373 872
1373 912
1374 54
1374 515
1374 712
1374 752
1374 786
1374 850
1374 872
1374 912
1375 54
1375 66
1375 203
1375 373
1375 373
1375 373
1375 373
1375 515
1375 712
1375 752
1375 786
1375 850
1375 872
1375 912
1376 54
1376 54
1376 515
1376 515
1376 712
1376 712
1376 752
1376 752
1376 786
1376 786
1376 850
1376 850
1376 872
1376 872
1376 912
1376 912
1377 54
1377 515
1377 712
1377 752
1377 786
1377 850
1377 872
1377 912
1378 54
1378 515
1378 712
1378 752
1378 786
1378 850
1378 872
1378 912
1379 54
1379 515
1379 712
1379 752
1379 786
1379 850
1379 872
1379 912
1380 54
1380 515
1380 712
1380 752
1380 786
1380 850
1380 872
1380 912
1381 54
1381 515
1381 712
1381 752
1381 786
1381 850
1381 872
1381 912
1382 54
1382 515
1382 712
1382 752
1382 786
1382 850
1382 872
1382 912
1383 54
1383 515
1383 712
1383 752
1383 786
1383 850
1383 872
1383 912
1384 54
1384 515
1384 712
1384 752
1384 786
1384 850
1384 872
1384 912
1385 54
1385 54
1385 515
1385 515
1385 712
1385 712
1385 752
1385 752
1385 786
1385 786
1385 850
1385 850
1385 872
1385 872
1385 912
1385 912
1385 1210
1386 54
1386 515
1386 712
1386 752
1386 786
1386 850
1386 872
1386 912
1387 54
1387 515
1387 712
1387 752
1387 786
1387 850
1387 872
1387 912
1388 54
1388 515
1388 712
1388 752
1388 786
1388 850
1388 872
1388 912
1389 54
1389 515
1389 712
1389 752
1389 786
1389 850
1389 872
1389 912
1390 54
1390 515
1390 712
1390 752
1390 786
1390 850
1390 872
1390 912
1391 54
1391 515
1391 712
1391 752
1391 786
1391 850
1391 872
1391 912
1392 54
1392 515
1392 712
1392 752
1392 786
1392 850
1392 872
1392 912
1393 54
1393 515
1393 712
1393 752
1393 786
1393 850
1393 872
1393 912
1394 54
1394 515
1394 712
1394 752
1394 786
1394 850
1394 872
1394 912
1395 54
1395 515
1395 712
1395 752
1395 786
1395 850
1395 872
1395 912
1396 54
1396 515
1396 533
1396 712
1396 752
1396 786
1396 850
1396 872
1396 912
1397 67
1397 758
1397 1022
1397 861
1397 1023
1397 1173
1397 1207
1397 756
1397 55
1398 470
1398 1065
1398 1067
1398 578
1398 55
1398 792
1398 731
1399 630
1399 630
1399 676
1399 676
1399 55
1400 608
1400 55
1400 367
1400 367
1400 679
1400 201
1401 790
1401 55
1401 56
1401 286
1401 286
1401 825
1402 55
1402 608
1402 555
1402 1057
1402 175
1402 545
1402 546
1402 658
1402 697
1402 1046
1402 1085
1402 723
1403 56
1403 116
1403 794
1403 55
1403 482
1404 256
1404 256
1404 89
1404 55
1404 161
1405 442
1405 442
1405 838
1405 1401
1405 56
1406 794
1406 56
1406 1433
1407 161
1407 790
1407 794
1407 485
1407 56
1407 500
1408 504
1408 790
1408 954
1408 56
1408 119
1408 698
1409 560
1409 56
1409 794
1409 1195
1409 505
1409 505
1410 505
1410 794
1410 56
1410 825
1410 1455
1411 790
1411 119
1411 281
1411 281
1411 56
1412 281
1412 281
1412 113
1412 56
1412 113
1413 56
1413 119
1413 794
1413 560
1413 1455
1413 119
1414 131
1414 80
1414 597
1414 56
1414 560
1414 241
1414 794
1414 281
1414 281
1415 56
1415 309
1415 309
1415 927
1415 681
1415 1184
1416 153
1416 876
1416 219
1416 954
1416 56
1416 1297
1416 625
1417 790
1417 500
1417 505
1417 56
1417 794
1418 442
1418 442
1418 838
1418 56
1418 1195
1418 1178
1419 56
1419 651
1419 1050
1419 794
1419 300
1419 300
1419 1146
1420 825
1420 56
1420 790
1420 93
1420 716
1421 466
1421 56
1421 119
1421 153
1421 300
1421 300
1421 594
1422 56
1422 500
1422 790
1422 504
1422 504
1423 56
1423 702
1423 1050
1423 1455
1424 794
1424 56
1424 90
1424 161
1424 93
1424 505
1424 825
1425 56
1425 500
1425 153
1425 505
1425 505
1426 56
1426 76
1426 77
1426 408
1426 408
1426 500
1426 113
1426 466
1427 56
1427 744
1427 884
1427 963
1427 626
1427 1217
1427 1209
1427 1359
1427 1446
1427 1259
1427 1406
1427 1447
1428 56
1428 120
1428 704
1428 490
1428 1173
1428 250
1428 1158
1428 1186
1428 1407
1429 56
1429 937
1429 1209
1429 934
1429 98
1429 1433
1430 56
1430 56
1430 312
1430 312
1430 1152
1431 56
1431 355
1431 355
1431 679
1431 67
1431 1446
1432 147
1432 561
1432 839
1432 918
1432 57
1433 587
1433 890
1433 57
1433 570
1433 886
1434 57
1434 486
1434 947
1434 947
1434 947
1434 57
1434 293
1434 293
1434 293
1434 293
1435 57
1435 458
1435 538
1435 906
1435 720
1436 203
1436 392
1436 392
1436 459
1436 177
1436 177
1436 57
1437 192
1437 441
1437 441
1437 697
1437 57
1437 690
1437 353
1437 353
1438 699
1438 1003
1438 328
1438 328
1438 58
1438 382
1438 382
1438 378
1438 378
1438 834
1438 865
1438 989
1438 367
1438 367
1439 59
1439 628
1439 109
1439 1036
1439 609
1439 522
1440 630
1440 676
1440 635
1440 96
1440 1005
1440 76
1440 448
1440 448
1440 1021
1440 59
1440 935
1441 59
1441 65
1441 751
1441 306
1441 449
1441 306
1441 449
1442 293
1442 293
1442 143
1442 59
1442 373
1442 373
1442 1418
1443 61
1443 901
1443 882
1443 1347
1443 1388
1443 1346
1443 1389
1443 1272
1444 80
1444 707
1444 61
1444 747
1444 801
1445 61
1445 578
1445 783
1445 836
1445 666
1445 249
1445 139
1445 742
1446 62
1446 830
1446 796
1446 812
1446 951
1447 62
1447 67
1447 256
1447 256
1447 132
1447 227
1448 62
1448 164
1448 182
1448 295
1448 295
1448 697
1448 849
1448 1057
1448 1085
1448 1278
1449 62
1449 744
1449 237
1449 704
1449 972
1450 195
1450 481
1450 878
1450 877
1450 508
1450 1042
1450 181
1450 448
1450 448
1450 62
1450 686
1450 67
1450 631
1451 188
1451 780
1451 62
1451 302
1451 302
1451 972
1451 696
1451 911
1451 936
1451 930
1451 1027
1451 1122
1451 803
1452 62
1452 894
1452 726
1452 1134
1452 88
1452 1181
1453 62
1453 704
1453 312
1453 312
1453 929
1453 613
1453 701
1453 613
1453 904
1453 1336
1453 1195
1453 1454
1453 1433
1453 873
1453 987
1453 1043
1453 1381
1454 165
1454 237
1454 62
1454 302
1454 302
1454 737
1454 717
1454 819
1454 1022
1454 894
1454 757
1454 1132
1455 63
1455 62
1455 67
1455 312
1455 312
1455 705
1455 211
1455 1328
1455 1014
1456 62
1456 1361
1456 1158
1456 1193
1456 1350
1457 252
1457 62
1457 1134
1457 1011
1457 1069
1457 1077
1457 1449
1457 1113
1458 62
1458 1216
1458 1160
1458 1276
1458 1147
1458 1422
1458 1406
1458 1471
1459 355
1459 355
1459 62
1459 307
1459 911
1459 1027
1459 1209
1459 501
1459 1417
1459 1413
1459 1256
1460 63
1460 1001
1460 1132
1460 1316
1460 1048
1460 1395
1460 1012
1461 63
1461 94
1461 696
1461 1078
1461 1144
1461 776
1461 248
1461 1280
1461 987
1462 63
1462 302
1462 302
1462 1092
1462 891
1463 63
1463 703
1463 1175
1463 1310
1463 1224
1463 1139
1463 1413
1463 1440
1463 800
1463 1168
1464 935
1464 64
1464 782
1464 609
1464 430
1464 430
1465 64
1465 193
1465 571
1465 577
1465 635
1466 64
1466 325
1466 325
1466 528
1466 528
1466 615
1466 639
1466 647
1466 667
1466 468
1466 613
1467 64
1467 647
1467 667
1467 468
1467 647
1468 64
1468 182
1468 804
1468 467
1468 789
1468 641
1469 293
1469 293
1469 65
1469 293
1469 293
1470 65
1470 500
1470 622
1470 790
1470 609
1471 65
1471 497
1471 637
1471 561
1471 160
1472 65
1472 498
1472 801
1472 802
1472 106
1473 801
1473 497
1473 802
1473 65
1473 477
1474 65
1474 123
1474 790
1474 500
1474 954
1474 293
1474 293
1475 66
1475 66
1475 490
1475 305
1475 305
1476 749
1476 193
1476 514
1476 66
1476 66
1477 373
1477 373
1477 1418
1477 66
1477 373
1477 373
1478 935
1478 66
1478 553
1478 630
1478 676
1478 325
1478 325
1478 667
1479 66
1479 858
1479 530
1479 600
1479 213
1480 373
1480 373
1480 1418
1480 239
1480 524
1480 561
1480 373
1480 373
1480 490
1480 67
1480 164
1480 373
1480 373
1480 373
1480 373
1480 1418
1480 578
1480 448
1480 448
1481 596
1481 963
1481 67
1481 819
1481 985
1481 228
1481 983
1481 1220
1481 1331
1482 67
1482 312
1482 312
1482 719
1482 479
1482 607
1483 67
1483 302
1483 302
1483 696
1483 861
1483 1023
1483 997
1483 964
1483 945
1483 1014
1483 1018
1484 292
1484 292
1484 67
1484 1058
1484 929
1484 1339
1484 1099
1485 67
1485 302
1485 302
1485 745
1485 74
1485 1051
1485 1052
1485 186
1485 1359
1486 302
1486 302
1486 67
1486 536
1486 660
1486 1065
1486 1079
1486 955
1486 1125
1487 67
1487 496
1487 1126
1487 626
1487 853
1487 987
1488 67
1488 1017
1488 937
1488 1322
1488 1320
1488 1008
1488 321
1489 67
1489 1132
1489 1214
1489 1292
1489 1195
1489 1400
1489 1158
1489 1387
1489 1054
1489 1147
1489 1240
1489 1453
1489 972
1489 1408
1490 67
1490 312
1490 312
1490 660
1490 1086
1490 691
1491 708
1491 188
1491 67
1491 704
1491 474
1491 929
1491 1064
1491 1086
1491 1170
1491 1013
1491 1330
1491 1360
1491 1274
1491 1188
1491 594
1491 815
1491 853
1491 1267
1492 744
1492 67
1492 997
1492 1363
1492 1386
1492 383
1492 383
1492 144
1492 491
1493 165
1493 67
1493 774
1493 536
1493 621
1493 861
1493 1023
1493 894
1493 757
1493 1129
1493 1214
1493 1241
1493 622
1494 67
1494 582
1494 761
1494 270
1494 270
1494 950
1494 431
1494 431
1494 1464
1494 972
1495 68
1495 895
1495 1283
1495 891
1495 1373
1496 68
1496 430
1496 448
1496 430
1496 448
1496 415
1497 485
1497 68
1497 789
1497 217
1497 669
1498 213
1498 458
1498 68
1498 448
1498 448
1499 68
1499 192
1499 658
1499 1274
1499 1345
1500 706
1500 68
1500 696
1500 851
1500 930
1500 1027
1500 496
1500 1142
1500 1283
1500 1202
1500 1419
1500 246
1501 1017
1501 68
1501 110
1501 866
1501 1241
1501 958
1501 1203
1501 1371
1501 723
1501 1398
1501 1360
1501 1252
1501 1346
1501 1154
1501 1444
1502 68
1502 1027
1502 582
1502 964
1502 1082
1502 1371
1502 719
1502 974
1502 1107
1503 68
1503 1011
1503 1165
1503 1396
1503 1413
1503 771
1503 1448
1503 1273
1504 94
1504 68
1504 1047
1504 1105
1504 814
1504 1066
1504 803
1504 1246
1504 1443
1504 1113
1504 632
1504 987
1505 963
1505 68
1505 663
1505 1208
1505 856
1505 1090
1505 701
1505 1245
1505 904
1505 1386
1506 774
1506 68
1506 663
1506 1122
1506 1066
1506 74
1506 803
1507 706
1507 68
1507 696
1507 757
1507 1072
1507 450
1507 582
1507 1197
1507 1192
1507 1332
1507 1398
1507 746
1507 882
1507 1347
1507 987
1507 1043
1507 1415
1508 68
1508 819
1508 1069
1508 1180
1508 1466
1508 687
1508 742
1508 1247
1508 678
1508 882
1508 1347
1508 322
1508 322
1509 749
1509 1010
1509 68
1509 1078
1509 1071
1509 699
1509 1229
1509 1179
1509 1228
1509 1164
1509 613
1509 845
1509 1099
1509 1404
1509 1113
1510 551
1510 68
1510 1089
1510 1144
1510 1122
1510 1152
1510 1458
1510 1043
1510 82
1510 1379
1510 1408
1511 717
1511 1017
1511 68
1511 257
1511 257
1511 1144
1511 110
1511 1311
1511 1160
1511 602
1511 769
1511 1400
1511 1139
1511 1274
1511 1453
1511 1454
1511 939
1511 390
1511 390
1511 383
1511 383
1511 419
1511 419
1511 1452
1511 853
1511 517
1511 1043
1511 1178
1511 1340
1511 1080
1511 235
1511 970
1512 68
1512 1019
1512 1027
1512 269
1512 269
1512 270
1512 270
1512 1202
1512 602
1512 852
1513 68
1513 280
1513 280
1513 725
1513 1360
1513 1458
1513 866
1513 1414
1514 68
1514 1228
1514 1119
1514 1243
1514 683
1514 1373
1514 942
1514 983
1514 941
1514 1409
1515 68
1515 1069
1515 904
1515 1114
1515 520
1516 68
1516 268
1516 268
1516 726
1516 790
1516 1127
1517 933
1517 69
1517 442
1517 442
1517 838
1518 99
1518 168
1518 739
1518 69
1518 165
1518 485
1519 69
1519 1010
1519 318
1519 318
1519 133
1519 561
1519 1066
1519 1142
1519 1064
1519 1067
1519 1101
1519 866
1519 1282
1519 1198
1519 1107
1520 70
1520 71
1520 168
1520 616
1520 1247
1521 70
1521 373
1521 373
1521 553
1521 601
1521 713
1522 630
1522 676
1522 71
1522 361
1522 361
1522 630
1522 676
1523 100
1523 71
1523 74
1523 994
1523 1047
1523 1154
1523 1379
1524 71
1524 984
1524 1069
1524 1125
1524 1126
1524 1183
1524 748
1524 1276
1524 1390
1524 1419
1524 1422
1524 1357
1524 1018
1524 594
1524 1321
1524 882
1524 1347
1524 248
1524 751
1524 987
1524 1316
1524 211
1524 1449
1524 1447
1524 1453
1524 1291
1524 322
1524 322
1524 1380
1524 1366
1525 255
1525 255
1525 430
1525 430
1525 865
1525 1131
1525 72
1526 72
1526 697
1526 442
1526 442
1526 838
1527 72
1527 378
1527 378
1527 147
1527 182
1527 448
1527 448
1527 198
1527 388
1527 388
1528 72
1528 382
1528 434
1528 382
1528 434
1529 73
1529 397
1529 397
1529 399
1529 399
1529 395
1529 395
1530 73
1530 315
1530 316
1530 315
1530 316
1531 73
1531 243
1531 316
1531 335
1531 336
1531 397
1531 316
1531 335
1531 336
1531 397
1532 242
1532 73
1532 315
1532 316
1532 398
1532 315
1532 316
1532 398
1533 74
1533 316
1533 369
1533 316
1533 369
1533 368
1533 368
1533 73
1533 395
1533 395
1534 1051
1534 74
1534 1125
1534 862
1534 1162
1535 1064
1535 1035
1535 74
1535 118
1535 1382
1535 723
1535 1145
1535 1367
1535 1441
1535 1337
1535 751
1535 1161
1535 920
1535 642
1535 122
1535 157
1535 1408
1536 704
1536 581
1536 74
1536 1465
1536 1271
1536 753
1536 891
1536 1442
1536 1272
1537 237
1537 307
1537 307
1537 621
1537 985
1537 74
1537 1205
1537 1128
1537 624
1537 866
1537 1164
1537 1082
1537 1386
1537 1453
1537 1054
1537 1039
1537 1120
1537 1352
1537 585
1537 987
1537 820
1537 1416
1537 1381
1538 706
1538 696
1538 722
1538 74
1538 122
1539 74
1539 1126
1539 1152
1539 684
1539 995
1539 968
1539 1284
1539 1285
1539 853
1539 1364
1539 1085
1540 930
1540 1105
1540 761
1540 903
1540 74
1541 704
1541 972
1541 74
1541 1183
1541 1294
1541 753
1541 788
1541 1119
1542 74
1542 174
1542 834
1542 949
1542 725
1542 1142
1542 100
1542 97
1542 812
1542 88
1542 1246
1542 1164
1542 1285
1542 1393
1542 1015
1542 1456
1542 184
1543 88
1543 75
1543 919
1543 1169
1543 1173
1544 75
1544 292
1544 448
1544 292
1544 448
1544 561
1545 76
1545 406
1545 408
1545 406
1545 408
1546 407
1546 407
1546 149
1546 76
1546 406
1546 406
1546 790
1547 76
1547 77
1547 406
1547 408
1547 406
1547 408
1548 76
1548 291
1548 406
1548 408
1548 291
1548 406
1548 408
1549 76
1549 119
1549 77
1549 79
1549 441
1549 441
1550 484
1550 76
1550 705
1550 930
1550 894
1550 757
1550 895
1550 280
1550 280
1550 597
1550 1011
1550 1209
1550 1213
1550 1216
1550 1314
1550 1446
1550 1437
1550 1436
1551 78
1551 545
1551 546
1551 1046
1551 1150
1551 540
1551 1096
1552 138
1552 753
1552 78
1552 78
1552 502
1553 567
1553 630
1553 630
1553 676
1553 676
1553 1119
1553 992
1553 79
1554 332
1554 332
1554 839
1554 79
1554 987
1555 567
1555 693
1555 693
1555 80
1555 1185
1556 665
1556 79
1556 587
1556 587
1556 890
1557 200
1557 448
1557 448
1557 80
1557 199
1558 252
1558 745
1558 1029
1558 814
1558 691
1558 602
1558 1032
1558 1358
1558 1345
1558 976
1558 1458
1558 1459
1558 981
1558 80
1559 79
1559 533
1559 1232
1559 101
1559 1303
1559 1327
1559 1425
1559 1364
1559 1409
1560 561
1560 561
1560 79
1560 160
1560 589
1560 768
1560 839
1560 871
1561 442
1561 442
1561 838
1561 80
1561 633
1562 630
1562 676
1562 827
1562 923
1562 80
1563 648
1563 318
1563 318
1563 80
1563 770
1563 760
1564 80
1564 410
1564 427
1564 410
1564 427
1564 531
1565 80
1565 734
1565 109
1565 734
1565 1036
1565 869
1566 80
1566 630
1566 676
1566 630
1566 630
1566 676
1566 676
1566 442
1566 442
1566 838
1567 321
1567 321
1567 80
1567 663
1567 499
1568 81
1568 285
1568 285
1568 284
1568 284
1569 570
1569 509
1569 572
1569 578
1569 81
1569 285
1569 285
1569 576
1570 81
1570 285
1570 286
1570 285
1570 286
1571 285
1571 285
1571 81
1571 286
1571 286
1572 81
1572 285
1572 288
1572 285
1572 288
1573 80
1573 709
1573 475
1573 761
1573 100
1573 162
1573 722
1573 1006
1573 228
1573 694
1573 1129
1573 490
1573 1173
1573 601
1573 483
1573 816
1573 950
1573 788
1573 1203
1573 864
1573 864
1573 864
1573 864
1573 214
1573 953
1573 979
1573 723
1573 798
1573 1368
1573 1372
1573 1338
1573 1369
1573 976
1573 977
1573 1458
1573 1296
1573 1318
1573 1100
1573 1326
1573 1099
1573 1424
1573 974
1573 1354
1573 1337
1573 250
1573 1389
1573 347
1573 347
1573 245
1573 1420
1573 211
1573 1263
1573 1376
1573 959
1573 1159
1573 1189
1574 820
1574 898
1574 847
1574 248
1574 82
1574 970
1574 1272
1574 528
1574 1379
1574 1407
1575 1105
1575 694
1575 955
1575 1314
1575 701
1575 501
1575 1350
1575 1201
1575 1385
1575 1413
1575 1256
1575 517
1575 853
1575 1447
1575 1404
1575 718
1575 82
1575 122
1575 159
1575 607
1576 223
1576 83
1576 137
1576 477
1576 646
1577 83
1577 647
1577 615
1577 325
1577 325
1577 1211
1578 84
1578 375
1578 375
1578 587
1578 886
1578 710
1578 84
1579 691
1579 84
1579 300
1579 300
1579 683
1580 285
1580 285
1580 84
1580 544
1580 906
1580 1103
1580 1096
1580 1102
1580 1104
1580 542
1580 456
1580 710
1581 442
1581 442
1581 838
1581 84
1581 292
1581 292
1582 182
1582 84
1582 587
1582 886
1582 587
1582 587
1582 587
1582 587
1582 587
1582 448
1582 448
1583 84
1583 456
1583 559
1583 526
1583 1235
1584 84
1584 550
1584 841
1584 348
1584 348
1585 862
1585 202
1585 630
1585 676
1585 630
1585 676
1585 1031
1585 85
1586 87
1586 86
1586 328
1586 328
1586 453
1586 550
1586 657
1586 747
1586 749
1586 841
1587 87
1587 808
1587 1415
1588 297
1588 297
1588 755
1588 303
1588 87
1589 688
1589 87
1589 858
1589 630
1589 676
1589 307
1589 307
1589 896
1589 819
1589 911
1589 879
1589 581
1589 1067
1589 605
1589 1368
1589 1333
1589 1360
1589 1328
1589 1391
1589 1099
1589 1014
1589 1305
1589 523
1589 549
1589 1273
1589 1378
1590 197
1590 86
1590 231
1590 823
1590 442
1590 442
1590 838
1590 1042
1590 158
1590 430
1590 430
1590 10
1591 725
1591 1124
1591 862
1591 86
1591 955
1591 932
1591 1311
1591 980
1591 1372
1591 1163
1591 1367
1591 976
1591 1454
1591 977
1591 1285
1591 1459
1591 346
1591 346
1591 1445
1591 250
1591 1043
1591 1340
1591 1133
1591 852
1592 565
1592 86
1592 915
1592 754
1592 123
1592 1415
1593 747
1593 749
1593 699
1593 453
1593 550
1593 550
1593 86
1593 865
1593 199
1594 231
1594 86
1594 328
1594 328
1594 529
1595 1156
1595 1035
1595 88
1595 821
1595 873
1596 936
1596 88
1596 1165
1596 891
1596 1038
1596 1220
1596 1113
1596 1242
1596 1381
1597 581
1597 88
1597 97
1597 788
1597 98
1598 312
1598 312
1598 88
1598 1225
1598 862
1598 1162
1599 1142
1599 662
1599 88
1599 1112
1599 562
1599 1295
1599 1434
1600 88
1600 1226
1600 997
1600 1265
1600 624
1600 1143
1600 98
1600 1077
1600 642
1601 472
1601 861
1601 1023
1601 1063
1601 88
1601 1112
1601 1312
1601 1311
1601 1322
1602 1208
1602 269
1602 269
1602 1066
1602 88
1602 1175
1602 1013
1602 1191
1602 1313
1602 1296
1602 1431
1602 1325
1602 835
1602 1039
1602 1404
1602 1113
1602 820
1602 491
1602 1471
1602 852
1602 1324
1602 1085
1603 936
1603 705
1603 1144
1603 88
1603 1127
1603 1439
1604 708
1604 910
1604 88
1604 1258
1604 866
1605 581
1605 88
1605 1207
1605 1248
1605 1126
1605 1165
1605 958
1606 664
1606 724
1606 88
1606 630
1606 676
1606 630
1606 676
1606 630
1606 630
1606 673
1606 675
1606 676
1606 676
1606 827
1606 665
1607 89
1607 130
1607 149
1607 1212
1607 1260
1607 1306
1608 927
1608 230
1608 684
1608 89
1608 683
1609 89
1609 165
1609 280
1609 280
1609 597
1610 89
1610 121
1610 895
1610 280
1610 280
1610 282
1611 117
1611 89
1611 472
1611 302
1611 302
1611 737
1611 704
1611 819
1611 824
1611 937
1611 120
1611 1223
1611 1223
1611 757
1611 280
1611 280
1611 894
1611 774
1611 474
1611 134
1611 1213
1611 1217
1611 1215
1611 1170
1611 972
1611 1292
1611 995
1611 1259
1611 1147
1611 972
1612 149
1612 89
1612 130
1612 131
1612 163
1613 90
1613 121
1613 161
1613 716
1613 737
1614 90
1614 131
1614 757
1614 894
1614 1212
1614 1214
1615 90
1615 149
1615 716
1615 824
1615 165
1616 90
1616 131
1616 280
1616 282
1616 280
1616 282
1617 500
1617 884
1617 794
1617 90
1617 757
1617 895
1617 1170
1617 1428
1617 1416
1618 794
1618 90
1618 131
1618 161
1618 281
1618 281
1619 213
1619 530
1619 611
1619 783
1619 809
1619 91
1619 206
1619 435
1620 286
1620 286
1620 91
1620 953
1620 205
1621 674
1621 1062
1621 1067
1621 215
1621 91
1621 1127
1621 1465
1621 1101
1621 1179
1621 936
1621 611
1621 1089
1621 1202
1621 1234
1621 845
1621 1315
1621 999
1621 557
1621 881
1621 209
1621 1163
1621 1286
1621 1360
1621 865
1621 529
1621 1415
1621 1274
1621 1358
1621 1277
1621 1391
1621 721
1621 169
1621 520
1621 231
1622 442
1622 442
1622 838
1622 91
1622 816
1623 559
1623 91
1623 457
1623 264
1623 264
1623 561
1623 266
1623 266
1624 91
1624 702
1624 704
1624 963
1624 816
1624 1338
1624 968
1624 1032
1625 158
1625 355
1625 355
1625 1203
1625 1157
1625 996
1625 842
1625 1458
1625 1284
1625 246
1625 92
1625 853
1625 1457
1625 145
1625 1343
1626 453
1626 1229
1626 1228
1626 1214
1626 1218
1626 1300
1626 1119
1626 950
1626 1322
1626 1244
1626 619
1626 1336
1626 967
1626 1387
1626 431
1626 431
1626 1434
1626 810
1626 1269
1626 92
1626 585
1626 1309
1627 834
1627 1226
1627 1216
1627 684
1627 1469
1627 1363
1627 1443
1627 1438
1627 940
1627 1259
1627 1446
1627 1397
1627 1450
1627 1458
1627 842
1627 1433
1627 1373
1627 1406
1627 853
1627 942
1627 92
1627 1321
1627 1444
1627 1460
1627 863
1627 585
1627 1113
1627 987
1627 495
1627 931
1627 898
1627 642
1627 1409
1628 1035
1628 866
1628 964
1628 1158
1628 854
1628 1099
1628 1375
1628 92
1628 765
1628 1384
1629 93
1629 130
1629 131
1629 622
1629 1215
1630 93
1630 129
1630 256
1630 281
1630 256
1630 281
1631 94
1631 1065
1631 1112
1631 940
1631 1395
1632 94
1632 1092
1632 1122
1632 450
1632 110
1632 997
1632 1200
1632 1202
1632 1139
1632 519
1632 1250
1632 974
1632 1009
1632 1016
1632 1444
1632 1120
1632 765
1632 1426
1632 1408
1633 94
1633 1019
1633 911
1633 818
1633 726
1633 974
1633 1307
1633 1451
1633 1384
1633 959
1633 520
1633 632
1634 94
1634 867
1634 1062
1634 1072
1634 1249
1635 94
1635 1184
1635 837
1635 1371
1635 1276
1635 1048
1635 1391
1635 940
1635 1390
1635 431
1635 431
1635 1351
1635 1421
1635 1453
1635 1043
1635 632
1635 1159
1636 94
1636 994
1636 903
1636 779
1636 1302
1636 322
1636 322
1636 1310
1636 1203
1636 1398
1636 694
1636 1394
1636 1460
1636 1365
1636 811
1636 1366
1637 94
1637 894
1637 757
1637 269
1637 269
1637 582
1637 879
1637 162
1637 812
1637 1234
1637 845
1637 967
1637 1048
1638 94
1638 894
1638 496
1638 1072
1638 1173
1638 1169
1639 94
1639 1058
1639 1067
1639 932
1639 950
1639 1070
1639 1391
1639 1451
1639 826
1639 1219
1639 771
1640 94
1640 1078
1640 1144
1640 1074
1640 1152
1640 821
1641 94
1641 861
1641 1023
1641 1066
1641 1438
1641 520
1642 95
1642 630
1642 630
1642 676
1642 676
1642 827
1643 95
1643 445
1643 445
1643 648
1643 219
1643 470
1644 95
1644 707
1644 886
1644 702
1644 1226
1644 679
1644 567
1645 219
1645 251
1645 430
1645 430
1645 96
1645 200
1645 487
1645 143
1645 454
1645 106
1646 405
1646 405
1646 189
1646 96
1646 499
1647 196
1647 614
1647 804
1647 857
1647 877
1647 878
1647 96
1648 96
1648 143
1648 191
1648 502
1648 635
1649 663
1649 1073
1649 856
1649 100
1649 97
1649 721
1649 926
1649 1085
1650 722
1650 812
1650 97
1650 1300
1650 771
1651 896
1651 1142
1651 1173
1651 97
1651 999
1651 1350
1651 767
1652 97
1652 1170
1652 248
1652 1081
1652 1037
1652 603
1652 1113
1652 491
1652 970
1653 819
1653 269
1653 269
1653 97
1653 862
1653 1162
1653 492
1653 1311
1653 962
1653 632
1654 1122
1654 1075
1654 97
1654 1112
1654 1312
1654 492
1654 1191
1654 1202
1654 788
1654 1330
1654 602
1654 1338
1654 1349
1654 1316
1654 1417
1654 1396
1654 1383
1654 943
1654 771
1654 1015
1654 351
1654 351
1654 1113
1654 1316
1654 811
1654 1379
1655 134
1655 97
1655 902
1655 1188
1655 1386
1655 351
1655 351
1655 1053
1655 520
1655 1329
1655 1381
1655 607
1656 703
1656 1051
1656 98
1656 1434
1656 1167
1656 1015
1657 116
1657 500
1657 790
1657 98
1657 954
1658 257
1658 257
1658 505
1658 98
1658 605
1658 790
1659 99
1659 841
1659 899
1659 453
1659 1286
1660 99
1660 103
1660 153
1660 500
1660 790
1661 218
1661 168
1661 99
1661 348
1661 348
1662 1017
1662 1069
1662 100
1662 816
1662 204
1662 904
1662 1147
1662 959
1663 937
1663 100
1663 816
1663 753
1663 1203
1663 1277
1664 621
1664 663
1664 100
1664 1292
1664 748
1664 1361
1664 1240
1664 1321
1665 851
1665 1027
1665 1073
1665 100
1665 205
1665 1409
1666 774
1666 101
1666 953
1666 1174
1666 207
1666 730
1666 1367
1667 1068
1667 582
1667 134
1667 1170
1667 101
1668 355
1668 355
1668 1215
1668 101
1668 1361
1668 1195
1669 551
1669 1190
1669 101
1669 1160
1669 231
1669 988
1669 1392
1669 1393
1669 1439
1669 1381
1670 862
1670 1162
1670 997
1670 101
1670 719
1670 1351
1670 1354
1670 528
1671 442
1671 442
1671 838
1671 1065
1671 1122
1671 1047
1671 1091
1671 903
1671 1265
1671 599
1671 101
1671 766
1671 742
1671 1330
1671 778
1671 248
1671 1454
1671 1394
1671 1284
1671 854
1671 721
1671 767
1671 1201
1671 1453
1671 1018
1671 1441
1671 987
1671 1043
1671 1113
1671 1123
1671 1407
1671 1409
1672 972
1672 867
1672 1027
1672 705
1672 908
1672 1124
1672 228
1672 101
1672 1203
1672 557
1672 956
1672 248
1672 1109
1672 1139
1672 1274
1672 1032
1672 419
1672 431
1672 419
1672 431
1672 944
1672 1161
1672 1439
1672 1321
1672 1447
1672 1155
1672 473
1672 1381
1672 462
1672 82
1672 1408
1673 1134
1673 812
1673 102
1673 866
1673 1234
1673 1048
1673 1393
1673 1250
1673 1295
1673 1009
1673 974
1673 1384
1673 931
1674 1019
1674 1065
1674 1124
1674 1091
1674 102
1674 1184
1674 779
1674 492
1674 1292
1674 1287
1674 1398
1674 969
1674 1327
1674 1048
1674 1193
1674 1296
1674 1383
1674 1331
1674 815
1675 621
1675 102
1675 687
1675 1195
1675 1285
1676 709
1676 1011
1676 102
1676 1215
1676 1143
1676 1367
1676 1450
1676 1436
1676 1154
1677 1011
1677 102
1677 626
1677 779
1677 1336
1677 748
1677 1195
1678 744
1678 102
1678 1276
1678 1437
1678 1318
1679 307
1679 819
1679 1122
1679 102
1679 517
1679 585
1679 1159
1679 1408
1680 102
1680 483
1680 484
1680 482
1680 146
1680 972
1681 257
1681 257
1681 102
1681 927
1682 448
1682 448
1682 103
1682 430
1682 430
1682 1057
1683 1024
1683 103
1683 1183
1683 518
1683 1442
1683 1416
1684 275
1684 275
1684 236
1684 238
1684 337
1684 337
1684 653
1684 104
1684 533
1685 104
1685 238
1685 337
1685 337
1685 608
1686 104
1686 108
1686 236
1686 274
1686 274
1686 490
1686 633
1686 875
1686 880
1687 104
1687 236
1687 334
1687 334
1687 506
1688 277
1688 277
1688 108
1688 104
1688 577
1688 143
1688 142
1689 104
1689 334
1689 365
1689 334
1689 365
1690 544
1690 468
1690 1211
1690 105
1690 1014
1691 309
1691 309
1691 105
1691 987
1691 267
1691 267
1692 105
1692 143
1692 958
1692 509
1692 141
1692 783
1692 604
1692 742
1692 742
1693 133
1693 592
1693 311
1693 311
1693 106
1693 522
1694 106
1694 595
1694 801
1694 109
1694 477
1694 1036
1694 747
1694 802
1695 106
1695 801
1695 802
1695 497
1695 802
1696 107
1696 461
1696 173
1696 587
1696 886
1696 587
1696 587
1697 275
1697 275
1697 655
1697 590
1697 108
1698 563
1698 108
1698 238
1698 275
1698 275
1699 316
1699 316
1699 108
1699 393
1699 393
1699 732
1700 275
1700 393
1700 275
1700 393
1700 506
1700 516
1700 108
1700 337
1701 108
1701 275
1701 337
1701 275
1701 337
1702 238
1702 337
1702 337
1702 494
1702 826
1702 108
1702 275
1702 275
1702 506
1703 108
1703 275
1703 337
1703 275
1703 337
1703 494
1703 563
1704 947
1704 126
1704 109
1704 1036
1704 203
1705 109
1705 293
1705 293
1705 947
1705 1036
1706 109
1706 1036
1706 461
1706 988
1706 975
1707 109
1707 123
1707 467
1707 1036
1708 1125
1708 110
1708 1332
1708 836
1708 585
1708 1263
1708 1305
1708 852
1709 1208
1709 924
1709 110
1709 837
1709 1322
1709 1370
1709 1390
1709 700
1709 1280
1709 959
1710 714
1710 696
1710 930
1710 1058
1710 1011
1710 110
1710 552
1710 842
1711 726
1711 1064
1711 1180
1711 110
1711 1191
1711 1469
1711 1274
1712 946
1712 110
1712 1300
1712 729
1712 1244
1712 742
1712 1139
1712 1458
1712 390
1712 390
1712 211
1712 1252
1712 1424
1712 1113
1712 1043
1712 713
1713 1071
1713 994
1713 1075
1713 1182
1713 110
1713 1164
1713 612
1713 1316
1713 1139
1713 1274
1713 1337
1714 706
1714 110
1714 1232
1714 1427
1714 1337
1714 1253
1715 1125
1715 110
1715 778
1715 1338
1715 1139
1715 1098
1716 268
1716 268
1716 110
1716 1188
1716 419
1716 419
1716 1413
1716 351
1716 351
1717 110
1717 211
1717 1330
1717 979
1717 1139
1717 1274
1717 1032
1717 1443
1718 1019
1718 1001
1718 110
1718 1198
1718 1274
1718 1419
1718 1444
1718 585
1718 585
1718 1113
1718 987
1719 691
1719 691
1719 110
1719 1116
1719 1287
1719 1349
1719 1361
1719 552
1719 842
1719 721
1719 767
1719 683
1719 810
1719 873
1719 943
1719 1161
1719 1420
1719 248
1719 1045
1719 139
1720 1137
1720 726
1720 1006
1720 110
1720 779
1720 999
1720 1000
1720 1139
1720 1428
1720 1159
1721 110
1721 1359
1721 1296
1721 594
1721 987
1722 239
1722 524
1722 111
1722 1279
1722 230
1723 111
1723 261
1723 261
1723 320
1723 320
1724 1272
1724 530
1724 648
1724 112
1724 187
1724 261
1724 261
1724 1415
1724 531
1725 112
1725 261
1725 320
1725 261
1725 320
1726 487
1726 796
1726 933
1726 112
1726 358
1726 358
1727 112
1727 262
1727 358
1727 262
1727 358
1727 596
1728 112
1728 747
1728 841
1728 1297
1728 1131
1729 116
1729 153
1729 113
1730 790
1730 954
1730 115
1730 113
1730 500
1731 176
1731 113
1731 790
1731 560
1731 1455
1732 115
1732 757
1732 131
1732 161
1732 406
1732 406
1733 116
1733 348
1733 348
1733 441
1733 441
1734 118
1734 118
1734 1400
1734 1386
1734 719
1734 1158
1734 1328
1734 1387
1734 347
1734 347
1734 350
1734 1364
1734 1189
1734 1408
1735 702
1735 118
1735 355
1735 355
1735 1165
1735 1318
1735 1240
1736 118
1736 1258
1736 1194
1736 883
1736 983
1736 1329
1737 1017
1737 1011
1737 761
1737 215
1737 118
1737 684
1737 701
1737 1287
1738 787
1738 834
1738 1062
1738 475
1738 1090
1738 118
1738 1008
1738 987
1738 1113
1738 1045
1738 520
1738 820
1738 806
1739 1083
1739 862
1739 118
1739 1207
1739 1248
1739 612
1739 1282
1739 1351
1740 302
1740 302
1740 132
1740 1017
1740 660
1740 984
1740 1062
1740 994
1740 929
1740 1127
1740 118
1740 1179
1741 118
1741 932
1741 1165
1741 934
1741 1398
1741 1386
1741 900
1742 475
1742 1173
1742 118
1742 1368
1742 1386
1742 1428
1742 1318
1742 351
1742 351
1743 302
1743 302
1743 536
1743 1072
1743 1206
1743 118
1743 686
1743 1265
1743 211
1743 1199
1743 1266
1743 1386
1743 169
1743 1321
1743 987
1743 974
1743 959
1743 718
1744 176
1744 560
1744 119
1744 504
1744 560
1745 954
1745 651
1745 1050
1745 119
1746 790
1746 954
1746 500
1746 510
1746 510
1746 510
1746 510
1746 510
1746 510
1746 510
1746 510
1746 510
1746 510
1746 510
1746 510
1746 510
1746 510
1746 510
1746 510
1746 510
1746 510
1746 510
1746 510
1746 510
1746 510
1746 510
1746 510
1746 510
1746 510
1746 510
1746 510
1746 510
1746 510
1746 510
1746 510
1746 510
1746 510
1746 510
1746 510
1746 510
1746 510
1746 510
1746 510
1746 510
1746 510
1746 510
1746 510
1746 510
1746 510
1746 510
1746 510
1746 510
1746 510
1746 510
1746 510
1746 510
1746 510
1746 510
1746 510
1746 510
1746 510
1746 510
1746 510
1746 510
1746 510
1746 510
1746 510
1746 510
1746 510
1746 510
1746 510
1746 510
1746 510
1746 510
1746 510
1746 510
1746 510
1746 510
1746 510
1746 510
1746 510
1746 510
1746 510
1746 510
1746 510
1746 510
1746 510
1746 510
1746 510
1746 510
1746 510
1746 510
1746 510
1746 510
1746 510
1746 510
1746 510
1746 510
1746 510
1746 510
1746 510
1746 510
1746 510
1746 510
1746 510
1746 510
1746 510
1746 510
1746 510
1746 510
1746 510
1746 510
1746 510
1746 510
1746 510
1746 510
1746 510
1746 510
1746 510
1746 510
1746 510
1746 510
1746 510
1746 510
1746 510
1746 505
1746 119
1747 744
1747 884
1747 963
1747 166
1747 1214
1747 1218
1747 1209
1747 1216
1747 1217
1747 1213
1747 1215
1747 1170
1747 119
1747 1158
1747 1446
1747 1193
1747 1427
1747 1318
1747 1240
1747 246
1747 1452
1747 972
1748 119
1748 626
1748 212
1748 1195
1749 120
1749 858
1749 927
1749 136
1749 286
1749 286
1749 558
1750 120
1750 256
1750 256
1750 165
1750 1230
1751 1170
1751 770
1751 121
1751 281
1751 281
1752 165
1752 716
1752 121
1752 895
1752 1373
1753 121
1753 716
1753 755
1753 755
1753 794
1754 121
1754 130
1754 131
1754 442
1754 442
1754 597
1754 716
1754 838
1755 238
1755 831
1755 1206
1755 464
1755 624
1755 999
1755 974
1755 209
1755 881
1755 678
1755 1342
1755 1188
1755 719
1755 431
1755 1055
1755 721
1755 942
1755 826
1755 983
1755 1039
1755 1399
1755 346
1755 346
1755 941
1755 1081
1755 944
1755 700
1755 945
1755 1038
1755 943
1755 1014
1755 1406
1755 517
1755 1018
1755 1037
1755 189
1755 1015
1755 1441
1755 1008
1755 347
1755 347
1755 1113
1755 1121
1755 987
1755 987
1755 1186
1755 122
1755 1189
1756 536
1756 474
1756 1156
1756 1149
1756 1127
1756 1215
1756 974
1756 934
1756 1310
1756 1224
1756 1330
1756 1334
1756 1276
1756 1363
1756 1274
1756 1139
1756 1436
1756 1414
1756 144
1756 1452
1756 594
1756 826
1756 1384
1756 139
1756 122
1757 474
1757 460
1757 123
1757 541
1758 802
1758 183
1758 572
1758 783
1758 123
1759 362
1759 362
1759 1135
1759 123
1759 220
1759 155
1759 203
1760 373
1760 373
1760 1418
1760 373
1760 373
1760 372
1760 372
1760 123
1761 532
1761 1257
1761 123
1761 532
1761 645
1761 784
1761 1257
1762 123
1762 463
1762 869
1762 628
1762 801
1762 802
1763 124
1763 454
1763 467
1763 497
1763 628
1764 320
1764 324
1764 320
1764 324
1764 1460
1764 125
1765 886
1765 587
1765 587
1765 125
1765 584
1765 648
1766 630
1766 676
1766 923
1766 125
1766 630
1766 676
1767 862
1767 833
1767 1141
1767 125
1767 1057
1767 681
1767 160
1768 373
1768 373
1768 1418
1768 219
1768 125
1768 855
1768 765
1768 828
1769 293
1769 293
1769 126
1769 681
1769 497
1770 127
1770 749
1770 1308
1770 1304
1770 1415
1771 127
1771 128
1771 556
1771 692
1771 158
1772 127
1772 443
1772 443
1772 530
1772 1028
1772 453
1772 747
1772 589
1772 1410
1773 562
1773 263
1773 264
1773 266
1773 263
1773 264
1773 266
1773 127
1774 615
1774 128
1774 732
1774 1077
1774 1332
1775 128
1775 363
1775 363
1775 594
1775 928
1776 128
1776 234
1776 588
1776 615
1776 168
1777 363
1777 363
1777 465
1777 128
1777 1191
1778 657
1778 747
1778 916
1778 933
1778 128
1778 234
1778 841
1779 128
1779 234
1779 571
1779 249
1779 382
1779 382
1779 411
1779 1273
1779 1406
1780 129
1780 379
1780 379
1780 448
1780 448
1781 716
1781 1214
1781 130
1781 281
1781 281
1782 149
1782 716
1782 1209
1782 1212
1782 1214
1782 130
1783 146
1783 237
1783 166
1783 787
1783 1214
1783 1218
1783 1215
1783 1209
1783 1216
1783 1170
1783 211
1783 1081
1783 130
1784 895
1784 659
1784 1437
1784 1435
1784 1432
1784 985
1784 130
1784 250
1785 165
1785 877
1785 130
1785 448
1785 448
1785 894
1785 1306
1785 1146
1785 707
1786 280
1786 282
1786 280
1786 282
1786 716
1786 130
1787 165
1787 132
1787 972
1787 894
1787 280
1787 280
1787 1212
1787 1216
1787 1209
1787 131
1787 1318
1787 253
1788 131
1788 161
1788 952
1788 378
1788 378
1789 132
1789 691
1789 409
1789 409
1789 1451
1789 1357
1789 1406
1789 1113
1789 1379
1789 517
1789 518
1789 1267
1789 1420
1789 987
1790 132
1790 1076
1790 726
1790 856
1790 1465
1791 132
1791 1027
1791 814
1791 812
1791 974
1791 557
1791 1188
1791 585
1791 1120
1791 1326
1792 132
1792 938
1792 709
1792 1024
1792 1301
1792 927
1792 184
1793 165
1793 237
1793 132
1793 894
1793 757
1793 982
1793 1093
1793 1091
1793 1215
1793 1217
1793 1213
1793 1218
1793 1216
1793 624
1793 1165
1793 1143
1793 1044
1793 1171
1793 1052
1793 677
1793 1349
1793 1353
1793 552
1793 1419
1793 854
1793 1040
1793 1431
1793 1100
1793 1099
1793 835
1793 1280
1793 1039
1793 517
1793 250
1793 1113
1793 1045
1793 145
1793 1343
1793 1267
1793 1456
1793 820
1793 1380
1794 714
1794 132
1794 660
1794 1097
1794 1073
1794 450
1794 1063
1794 1067
1794 1228
1794 1391
1795 132
1795 1090
1795 215
1795 986
1795 1336
1795 1398
1795 1298
1795 1296
1795 836
1796 132
1796 659
1796 450
1796 582
1796 320
1796 320
1796 1109
1796 986
1796 1145
1796 1328
1796 211
1796 914
1796 1168
1797 500
1797 132
1797 1068
1797 455
1797 1176
1797 1195
1797 1417
1797 1446
1797 1098
1797 852
1797 607
1798 482
1798 625
1798 1350
1798 165
1798 133
1799 434
1799 434
1799 180
1799 273
1799 273
1799 133
1799 271
1799 271
1800 133
1800 353
1800 353
1800 353
1800 353
1800 606
1801 551
1801 304
1801 304
1801 1017
1801 1094
1801 1074
1801 134
1801 270
1801 270
1801 1198
1801 211
1801 1113
1801 1113
1801 1416
1802 1091
1802 134
1802 866
1802 940
1802 1374
1802 1451
1802 246
1802 189
1802 1009
1802 518
1802 617
1802 1099
1802 718
1802 210
1802 502
1802 1159
1803 134
1803 1313
1803 815
1803 1383
1803 883
1804 269
1804 269
1804 134
1804 691
1804 902
1804 1165
1804 1276
1804 1307
1804 552
1804 1374
1804 1450
1804 683
1804 721
1804 532
1804 1257
1804 987
1804 1461
1805 895
1805 725
1805 1106
1805 134
1805 677
1805 1386
1806 717
1806 1063
1806 1228
1806 1386
1806 1201
1806 1252
1806 518
1806 135
1806 520
1806 321
1807 376
1807 376
1807 585
1807 181
1807 135
1808 667
1808 857
1808 135
1808 877
1809 511
1809 660
1809 894
1809 1142
1809 475
1809 136
1809 998
1809 1310
1809 211
1809 1234
1809 891
1809 1425
1809 1460
1809 532
1809 765
1809 585
1809 1113
1809 1316
1809 1376
1809 1447
1809 1262
1809 1404
1809 322
1809 322
1809 1340
1809 914
1809 1379
1809 528
1809 1272
1809 1189
1810 137
1810 503
1810 530
1810 646
1810 920
1810 1135
1811 276
1811 276
1811 277
1811 277
1811 633
1811 880
1811 137
1811 220
1811 503
1812 442
1812 442
1812 838
1812 452
1812 137
1812 783
1813 137
1813 326
1813 326
1813 329
1813 329
1814 260
1814 260
1814 260
1814 260
1814 466
1814 466
1814 438
1814 438
1814 138
1814 606
1814 490
1815 1429
1815 594
1815 139
1815 235
1815 847
1815 1407
1816 1072
1816 211
1816 492
1816 1195
1816 1452
1816 594
1816 700
1816 139
1816 248
1816 1275
1817 796
1817 950
1817 730
1817 139
1817 1324
1818 1232
1818 1164
1818 1183
1818 1382
1818 1399
1818 139
1818 1080
1819 1068
1819 1047
1819 684
1819 409
1819 409
1819 1427
1819 1433
1819 1448
1819 1344
1819 139
1819 852
1820 1435
1820 594
1820 189
1820 1346
1820 564
1820 836
1820 1404
1820 211
1820 495
1820 139
1820 322
1820 322
1820 248
1820 184
1820 1407
1820 1408
1821 846
1821 846
1821 139
1821 239
1821 524
1822 249
1822 849
1822 1052
1822 139
1822 567
1822 1108
1822 457
1823 139
1823 958
1823 627
1823 142
1824 190
1824 613
1824 139
1824 735
1824 612
1825 225
1825 928
1825 139
1825 457
1825 638
1825 363
1825 363
1825 579
1825 728
1825 1000
1825 613
1826 293
1826 293
1826 293
1826 293
1826 140
1827 140
1827 142
1827 594
1827 141
1827 143
1827 604
1828 142
1828 457
1828 638
1828 638
1828 711
1829 594
1829 668
1829 727
1829 141
1829 1085
1829 846
1829 1191
1830 143
1830 448
1830 448
1830 430
1830 430
1831 1223
1831 620
1831 625
1831 143
1831 1007
1832 1169
1832 756
1832 1170
1832 1302
1832 830
1832 144
1832 491
1832 607
1833 144
1833 169
1833 554
1833 942
1833 964
1833 598
1834 956
1834 1361
1834 1362
1834 1054
1834 144
1834 945
1834 1366
1835 908
1835 1001
1835 1173
1835 624
1835 1143
1835 988
1835 854
1835 144
1835 532
1835 1113
1835 1405
1835 1015
1835 669
1835 549
1835 1407
1836 1006
1836 903
1836 144
1836 810
1836 1280
1837 312
1837 312
1837 972
1837 1299
1837 998
1837 605
1837 1259
1837 1048
1837 680
1837 144
1837 810
1837 346
1837 346
1837 1325
1837 1321
1837 1404
1838 1090
1838 1402
1838 1357
1838 765
1838 585
1838 1242
1838 1453
1838 1401
1838 145
1838 235
1838 811
1838 1275
1838 1168
1838 1366
1839 145
1839 195
1839 1461
1839 931
1839 1343
1840 440
1840 440
1840 1461
1840 145
1840 145
1840 145
1840 439
1840 439
1840 817
1841 936
1841 1022
1841 280
1841 280
1841 1079
1841 1466
1841 891
1841 1382
1841 1427
1841 145
1841 1343
1841 473
1841 1408
1842 269
1842 269
1842 814
1842 1173
1842 866
1842 873
1842 145
1842 1470
1842 479
1843 268
1843 268
1843 474
1843 929
1843 163
1843 1127
1843 1175
1843 788
1843 169
1843 1440
1843 1038
1843 145
1843 1470
1844 1073
1844 761
1844 152
1844 862
1844 1182
1844 1177
1844 1109
1844 981
1844 246
1844 835
1844 853
1844 145
1844 1343
1844 1381
1844 1159
1845 717
1845 1169
1845 958
1845 969
1845 968
1845 1395
1845 826
1845 1113
1845 1120
1845 987
1845 145
1845 1343
1845 1323
1846 621
1846 949
1846 582
1846 1301
1846 1282
1846 778
1846 1368
1846 967
1846 968
1846 1353
1846 1392
1846 1459
1846 1421
1846 144
1846 1413
1846 942
1846 1045
1846 145
1846 1470
1846 1107
1846 1366
1847 252
1847 1442
1847 145
1847 1343
1847 1344
1847 1416
1848 1152
1848 721
1848 617
1848 987
1848 145
1848 1470
1848 1461
1849 703
1849 717
1849 1137
1849 659
1849 562
1849 902
1849 1277
1849 940
1849 1358
1849 1419
1849 517
1849 145
1849 1343
1849 799
1849 1365
1849 1407
1849 1168
1849 1409
1850 745
1850 911
1850 1073
1850 581
1850 862
1850 1162
1850 1302
1850 719
1850 1077
1850 1277
1850 1284
1850 1269
1850 1321
1850 585
1850 145
1850 1343
1850 1355
1850 350
1851 819
1851 861
1851 1023
1851 1214
1851 1217
1851 492
1851 751
1851 613
1851 1468
1851 1139
1851 1032
1851 977
1851 940
1851 1459
1851 248
1851 1009
1851 1113
1851 145
1851 1343
1851 473
1851 811
1852 1015
1852 495
1852 145
1852 1470
1852 800
1852 642
1852 852
1853 621
1853 450
1853 967
1853 826
1853 585
1853 145
1853 1343
1854 1062
1854 1070
1854 1101
1854 1466
1854 1204
1854 1183
1854 766
1854 1311
1854 742
1854 1077
1854 719
1854 1032
1854 1395
1854 853
1854 1325
1854 145
1854 1343
1854 800
1854 898
1855 145
1855 439
1855 439
1855 817
1856 549
1856 203
1856 458
1856 773
1856 983
1856 145
1857 145
1857 440
1857 440
1857 439
1857 439
1857 145
1857 817
1858 440
1858 440
1858 145
1858 145
1858 439
1858 439
1859 145
1859 145
1859 439
1859 439
1860 145
1860 440
1860 439
1860 440
1860 439
1861 145
1861 440
1861 440
1861 439
1861 439
1862 146
1862 280
1862 282
1862 280
1862 282
1862 787
1863 147
1863 430
1863 430
1863 747
1863 1279
1864 165
1864 448
1864 448
1864 755
1864 147
1865 913
1865 147
1865 365
1865 448
1865 365
1865 448
1866 432
1866 432
1866 147
1866 182
1866 429
1866 448
1866 429
1866 448
1866 381
1866 381
1866 485
1867 148
1867 402
1867 402
1867 541
1867 327
1867 327
1867 606
1867 217
1867 541
1867 1210
1868 148
1868 291
1868 406
1868 408
1868 291
1868 406
1868 408
1868 466
1869 149
1869 716
1869 1209
1869 896
1869 622
1869 1212
1870 149
1870 280
1870 280
1870 161
1870 716
1870 824
1870 894
1870 165
1871 1410
1871 150
1871 200
1871 501
1871 430
1871 430
1872 258
1872 258
1872 458
1872 575
1872 774
1872 938
1872 150
1873 448
1873 448
1873 151
1873 278
1873 278
1873 654
1873 935
1873 103
1874 151
1874 1073
1874 996
1874 1266
1874 1420
1875 659
1875 1074
1875 1076
1875 929
1875 152
1875 1246
1875 1265
1875 624
1875 753
1875 1435
1876 152
1876 1206
1876 1337
1876 1053
1876 1272
1877 153
1877 790
1877 794
1877 954
1877 1455
1878 161
1878 500
1878 153
1878 790
1878 500
1878 510
1879 1019
1879 1071
1879 1175
1879 1245
1879 853
1879 154
1880 154
1880 588
1880 802
1880 1002
1880 248
1881 154
1881 362
1881 362
1881 971
1881 1202
1882 154
1882 290
1882 290
1882 542
1882 906
1883 155
1883 220
1883 452
1883 507
1883 1153
1884 329
1884 329
1884 155
1884 223
1884 652
1885 155
1885 223
1885 343
1885 343
1885 452
1886 155
1886 221
1886 646
1886 646
1886 220
1887 441
1887 441
1887 566
1887 199
1887 156
1888 630
1888 676
1888 897
1888 363
1888 363
1888 156
1889 156
1889 458
1889 862
1889 375
1889 375
1889 991
1889 862
1889 1162
1890 298
1890 298
1890 488
1890 559
1890 436
1890 436
1890 436
1890 436
1890 157
1890 770
1890 373
1890 373
1890 636
1890 392
1890 392
1890 459
1890 661
1890 1223
1890 1297
1890 242
1890 1154
1891 528
1891 1379
1891 158
1891 944
1891 945
1891 1406
1892 1192
1892 78
1892 863
1892 1191
1892 158
1892 693
1892 1028
1892 1293
1892 1096
1892 1046
1892 546
1893 367
1893 367
1893 604
1893 1082
1893 158
1894 826
1894 826
1894 593
1894 561
1894 158
1895 203
1895 441
1895 441
1895 840
1895 313
1895 313
1895 909
1895 448
1895 448
1895 160
1895 935
1895 891
1896 918
1896 561
1896 839
1896 160
1896 168
1896 918
1897 593
1897 203
1897 203
1897 160
1897 561
1897 589
1898 160
1898 593
1898 561
1898 226
1898 1081
1899 490
1899 161
1899 705
1899 1209
1899 824
1900 162
1900 722
1900 239
1900 524
1900 1294
1900 1209
1900 677
1900 1345
1900 942
1900 1448
1900 820
1900 1381
1900 1273
1901 703
1901 1137
1901 1062
1901 450
1901 162
1901 1125
1901 1322
1901 928
1901 602
1901 214
1902 162
1902 1112
1902 1266
1902 1262
1902 598
1903 94
1903 268
1903 268
1903 450
1903 1074
1903 1134
1903 162
1903 684
1903 974
1903 1116
1903 694
1903 1458
1903 1201
1903 1422
1903 1320
1903 1043
1903 1113
1904 162
1904 1129
1904 756
1904 796
1904 892
1904 1113
1904 870
1904 1043
1904 585
1904 1113
1904 987
1904 479
1904 1329
1905 952
1905 582
1905 162
1905 955
1905 677
1905 996
1906 162
1906 1225
1906 932
1906 1119
1906 1165
1906 212
1906 605
1906 1163
1906 1422
1906 169
1906 983
1906 532
1906 1257
1906 1113
1906 1043
1906 1113
1907 985
1907 1017
1907 1062
1907 856
1907 475
1907 930
1907 163
1907 1126
1907 1226
1907 1218
1907 1281
1907 1202
1907 1282
1907 1198
1907 1224
1907 557
1907 552
1907 1391
1907 1395
1907 1397
1907 1390
1907 1392
1907 1419
1907 842
1907 1055
1907 1296
1907 1431
1907 1037
1907 1280
1908 442
1908 442
1908 838
1908 689
1908 164
1909 679
1909 232
1909 164
1909 430
1909 430
1909 432
1909 432
1910 458
1910 206
1910 578
1910 860
1910 164
1911 164
1911 438
1911 438
1911 1004
1911 357
1911 196
1912 164
1912 746
1912 392
1912 392
1912 135
1913 1315
1913 448
1913 448
1913 688
1913 430
1913 430
1913 606
1913 165
1914 239
1914 239
1914 524
1914 524
1914 165
1915 165
1915 436
1915 436
1915 436
1915 436
1916 985
1916 322
1916 322
1916 1361
1916 1363
1916 1259
1916 390
1916 390
1916 704
1916 166
1917 630
1917 676
1917 665
1917 630
1917 630
1917 672
1917 676
1917 676
1917 685
1917 177
1917 165
1917 774
1917 705
1917 895
1917 1051
1917 1311
1918 165
1918 580
1918 601
1918 933
1918 1033
1918 465
1918 720
1918 263
1918 263
1919 166
1919 542
1919 1016
1919 1439
1919 1280
1919 606
1919 770
1919 528
1919 459
1920 345
1920 345
1920 166
1920 488
1920 651
1921 733
1921 631
1921 362
1921 362
1921 167
1922 693
1922 167
1922 200
1922 295
1922 295
1923 559
1923 363
1923 363
1923 167
1923 674
1924 1258
1924 1198
1924 748
1924 719
1924 1341
1924 168
1925 1191
1925 169
1925 1008
1925 1249
1925 1460
1925 1043
1925 987
1925 987
1925 1457
1925 1267
1926 1069
1926 1125
1926 1398
1926 409
1926 409
1926 169
1927 312
1927 312
1927 696
1927 1019
1927 1027
1927 663
1927 280
1927 280
1927 1070
1927 1035
1927 1215
1927 1170
1927 1241
1927 322
1927 322
1927 974
1927 1310
1927 618
1927 211
1927 845
1927 1198
1927 1224
1927 881
1927 677
1927 678
1927 956
1927 248
1927 1266
1927 1342
1927 1316
1927 1307
1927 1298
1927 1032
1927 1193
1927 1285
1927 1393
1927 1453
1927 1428
1927 1240
1927 746
1927 169
1927 1018
1927 1402
1927 1154
1927 347
1927 347
1927 245
1927 751
1927 1449
1927 972
1927 632
1927 1401
1927 491
1927 713
1927 607
1927 1323
1928 983
1928 773
1928 464
1928 935
1928 169
1929 878
1929 877
1929 170
1929 1109
1929 1050
1930 172
1930 587
1930 587
1930 587
1930 886
1931 626
1931 1014
1931 172
1931 179
1931 441
1931 441
1932 596
1932 172
1932 1070
1932 320
1932 320
1933 551
1933 312
1933 312
1933 910
1933 482
1933 489
1933 661
1933 1282
1933 742
1933 678
1933 1372
1933 1398
1933 173
1933 203
1933 765
1933 987
1933 1376
1934 378
1934 378
1934 273
1934 273
1934 173
1935 683
1935 173
1935 193
1935 807
1935 1410
1936 173
1936 448
1936 448
1936 747
1936 749
1936 865
1936 933
1937 173
1937 921
1937 290
1937 290
1937 1415
1938 448
1938 448
1938 175
1938 430
1938 430
1939 630
1939 672
1939 676
1939 775
1939 630
1939 630
1939 676
1939 676
1939 175
1940 630
1940 676
1940 630
1940 676
1940 724
1940 630
1940 676
1940 175
1941 749
1941 693
1941 594
1941 453
1941 176
1942 561
1942 176
1942 442
1942 442
1942 838
1943 505
1943 176
1943 500
1943 954
1943 790
1943 1195
1944 886
1944 177
1944 587
1944 781
1944 178
1945 697
1945 177
1945 546
1945 1046
1945 544
1946 731
1946 843
1946 886
1946 1261
1946 178
1946 587
1946 611
1946 1154
1947 611
1947 587
1947 587
1947 587
1947 178
1948 178
1948 587
1948 587
1948 587
1948 645
1948 886
1948 886
1949 179
1949 568
1949 637
1949 970
1949 368
1950 179
1950 591
1950 255
1950 255
1951 179
1951 561
1951 589
1951 1042
1951 1111
1952 454
1952 1042
1952 180
1952 751
1952 681
1952 804
1953 251
1953 180
1953 379
1953 379
1953 181
1953 663
1954 180
1954 295
1954 448
1954 295
1954 448
1955 273
1955 377
1955 273
1955 377
1955 181
1956 181
1956 448
1956 448
1956 341
1956 423
1957 430
1957 430
1957 377
1957 377
1957 181
1958 181
1958 200
1958 430
1958 448
1958 430
1958 448
1959 181
1959 295
1959 430
1959 295
1959 430
1960 181
1960 182
1960 239
1960 341
1960 341
1960 524
1960 376
1960 376
1961 181
1961 1304
1961 376
1961 376
1961 418
1961 422
1961 418
1961 422
1962 606
1962 181
1962 182
1962 412
1962 412
1963 251
1963 341
1963 341
1963 181
1963 182
1964 181
1964 200
1964 384
1964 425
1964 384
1964 425
1964 420
1964 420
1964 430
1964 430
1965 448
1965 448
1965 181
1965 182
1965 381
1965 381
1966 423
1966 423
1966 181
1966 341
1966 412
1966 414
1966 341
1966 412
1966 414
1967 181
1967 448
1967 448
1967 437
1967 437
1967 567
1967 377
1967 377
1967 430
1967 430
1968 181
1968 341
1968 341
1968 294
1968 448
1968 294
1968 448
1968 182
1968 535
1969 181
1969 418
1969 418
1969 424
1969 424
1969 423
1969 423
1970 181
1970 755
1970 509
1970 670
1970 1191
1970 1260
1970 871
1971 181
1971 448
1971 448
1971 620
1971 805
1972 181
1972 448
1972 448
1972 933
1972 1033
1973 294
1973 294
1973 381
1973 381
1973 182
1973 448
1973 448
1974 448
1974 448
1974 182
1974 1328
1974 33
1975 448
1975 448
1975 423
1975 425
1975 423
1975 425
1975 182
1975 849
1976 430
1976 430
1976 182
1976 448
1976 448
1977 182
1977 448
1977 448
1977 535
1977 629
1977 1191
1977 429
1977 431
1978 182
1978 432
1978 432
1978 388
1978 391
1979 430
1979 430
1979 586
1979 182
1979 448
1979 448
1980 414
1980 414
1980 448
1980 448
1980 430
1980 430
1980 182
1981 448
1981 448
1981 832
1981 182
1981 341
1981 341
1981 332
1982 341
1982 341
1982 182
1982 448
1982 448
1983 423
1983 423
1983 429
1983 429
1983 199
1983 576
1983 182
1983 448
1983 448
1984 182
1984 412
1984 448
1984 412
1984 448
1985 182
1985 378
1985 423
1985 378
1985 423
1986 182
1986 199
1986 388
1986 388
1986 453
1987 182
1987 199
1987 384
1987 384
1987 423
1987 423
1988 383
1988 383
1988 182
1988 1049
1988 382
1988 382
1989 182
1989 340
1989 423
1989 448
1989 340
1989 423
1989 448
1989 535
1990 182
1990 198
1990 199
1990 448
1990 448
1991 182
1991 198
1991 199
1991 448
1991 448
1992 182
1992 382
1992 388
1992 448
1992 382
1992 388
1992 448
1992 711
1992 383
1992 432
1993 182
1993 340
1993 378
1993 432
1993 340
1993 378
1993 432
1994 383
1994 383
1994 378
1994 378
1994 182
1995 376
1995 376
1995 182
1995 378
1995 418
1995 378
1995 418
1995 448
1995 448
1995 721
1996 182
1996 199
1996 200
1996 295
1996 295
1997 182
1997 387
1997 387
1997 383
1997 272
1997 391
1998 587
1998 587
1998 849
1998 886
1998 1052
1998 183
1999 224
1999 343
1999 343
1999 503
1999 646
1999 646
1999 588
1999 762
1999 183
1999 1377
1999 942
2000 579
2000 809
2000 578
2000 183
2000 502
2001 1332
2001 1363
2001 1277
2001 1451
2001 1043
2001 1262
2001 184
2002 977
2002 1397
2002 1285
2002 1100
2002 1015
2002 1325
2002 964
2002 1155
2002 1273
2002 914
2002 184
2003 757
2003 496
2003 1097
2003 1067
2003 796
2003 952
2003 722
2003 978
2003 1129
2003 1228
2003 1179
2003 1300
2003 951
2003 1119
2003 1234
2003 1245
2003 1294
2003 1336
2003 430
2003 430
2003 1315
2003 1277
2003 993
2003 1390
2003 1392
2003 1419
2003 1396
2003 1459
2003 419
2003 431
2003 419
2003 431
2003 1373
2003 1421
2003 962
2003 1043
2003 870
2003 1242
2003 959
2003 479
2003 184
2003 852
2003 1189
2004 782
2004 1083
2004 764
2004 612
2004 1191
2004 1145
2004 1360
2004 767
2004 686
2004 1430
2004 810
2004 1346
2004 585
2004 1117
2004 585
2004 987
2004 1113
2004 987
2004 1376
2004 1344
2004 184
2004 852
2004 900
2005 834
2005 280
2005 280
2005 1075
2005 1246
2005 997
2005 1200
2005 1082
2005 1303
2005 1199
2005 1336
2005 552
2005 1450
2005 1393
2005 751
2005 1117
2005 1113
2005 987
2005 1043
2005 585
2005 184
2005 898
2005 852
2005 607
2006 1039
2006 617
2006 479
2006 184
2006 1123
2006 806
2007 211
2007 870
2007 987
2007 350
2007 350
2007 964
2007 184
2007 926
2007 852
2008 708
2008 587
2008 862
2008 1197
2008 186
2008 1198
2008 1077
2008 719
2008 721
2008 1220
2008 1444
2008 1337
2009 1071
2009 1065
2009 1207
2009 1248
2009 932
2009 186
2009 845
2009 1412
2009 1391
2009 1397
2009 1435
2009 942
2009 987
2009 1121
2009 1043
2009 1113
2009 1456
2009 1267
2009 632
2009 898
2009 852
2009 1323
2010 1264
2010 1302
2010 613
2010 612
2010 1241
2010 1183
2010 186
2010 1224
2010 1449
2011 705
2011 978
2011 686
2011 624
2011 1143
2011 1241
2011 1171
2011 186
2011 1052
2011 1332
2012 1001
2012 1171
2012 186
2012 1302
2012 209
2012 1188
2012 1298
2012 976
2012 854
2012 939
2012 144
2012 346
2012 346
2012 1447
2013 1017
2013 696
2013 725
2013 186
2013 209
2013 988
2013 873
2014 1302
2014 186
2014 1224
2014 1266
2014 1371
2014 1360
2014 1285
2014 390
2014 390
2014 1201
2014 1357
2014 1249
2014 751
2014 1043
2014 1305
2015 472
2015 482
2015 280
2015 280
2015 725
2015 1173
2015 1180
2015 624
2015 1265
2015 837
2015 186
2015 729
2015 1370
2015 940
2015 976
2015 1458
2015 419
2015 419
2015 1405
2015 853
2015 1113
2016 237
2016 963
2016 1090
2016 879
2016 1091
2016 1180
2016 1213
2016 1264
2016 1217
2016 1215
2016 1209
2016 1218
2016 1170
2016 624
2016 1143
2016 951
2016 1292
2016 1192
2016 186
2016 1271
2016 753
2016 788
2016 1119
2016 964
2016 1044
2016 1301
2017 298
2017 298
2017 187
2017 194
2017 1401
2017 267
2018 187
2018 325
2018 325
2018 1138
2018 966
2018 1379
2019 187
2019 587
2019 587
2019 587
2019 886
2020 187
2020 220
2020 297
2020 297
2020 59
2021 432
2021 448
2021 432
2021 448
2021 378
2021 378
2021 414
2021 414
2021 187
2022 187
2022 568
2022 574
2022 630
2022 676
2022 1356
2022 675
2022 630
2022 676
2022 376
2022 376
2023 188
2023 704
2023 825
2023 994
2023 1134
2023 228
2023 1181
2023 1252
2024 188
2024 929
2024 778
2024 1098
2024 1280
2024 245
2024 518
2024 1113
2025 188
2025 1094
2025 929
2025 844
2025 778
2025 1412
2025 1443
2025 721
2025 974
2025 987
2026 188
2026 812
2026 1282
2026 211
2026 1326
2026 1441
2026 1253
2026 751
2026 1113
2026 987
2026 1263
2026 528
2027 188
2027 1245
2027 1450
2027 1451
2027 346
2027 346
2027 700
2027 250
2028 188
2028 972
2028 307
2028 778
2028 987
2028 323
2028 323
2029 188
2029 228
2029 684
2029 1330
2029 248
2029 723
2029 1386
2029 1363
2029 519
2030 188
2030 1312
2030 1330
2030 683
2030 1321
2030 1420
2031 189
2031 405
2031 405
2031 305
2031 305
2032 405
2032 405
2032 877
2032 1056
2032 614
2032 893
2032 862
2032 1162
2032 1355
2032 190
2033 606
2033 928
2033 190
2033 517
2033 1109
2034 190
2034 567
2034 728
2034 1192
2034 638
2034 1052
2034 849
2034 1191
2035 330
2035 330
2035 1096
2035 1102
2035 189
2036 190
2036 594
2036 645
2036 668
2036 124
2037 320
2037 320
2037 190
2037 613
2037 668
2037 735
2038 1428
2038 1252
2038 1081
2038 189
2038 1249
2038 1365
2039 706
2039 714
2039 450
2039 1070
2039 1064
2039 1067
2039 1205
2039 1236
2039 821
2039 1313
2039 1299
2039 1082
2039 1203
2039 1330
2039 1382
2039 1368
2039 969
2039 1400
2039 552
2039 1328
2039 1277
2039 1453
2039 1391
2039 1396
2039 1450
2039 1374
2039 1393
2039 1421
2039 680
2039 1269
2039 945
2039 942
2039 189
2039 987
2039 1263
2039 964
2039 322
2039 322
2039 642
2039 235
2040 191
2040 430
2040 430
2040 416
2040 419
2041 191
2041 381
2041 434
2041 381
2041 434
2042 191
2042 272
2042 376
2042 422
2042 424
2042 272
2042 376
2042 422
2042 424
2043 192
2043 293
2043 293
2043 792
2043 773
2044 293
2044 293
2044 274
2044 274
2044 193
2045 716
2045 400
2045 400
2045 587
2045 886
2045 193
2045 1042
2046 480
2046 195
2046 196
2046 587
2046 886
2047 194
2047 373
2047 373
2047 1418
2047 561
2048 567
2048 857
2048 194
2048 195
2048 877
2049 614
2049 1042
2049 970
2049 195
2049 971
2050 193
2050 203
2050 553
2050 600
2050 601
2051 442
2051 442
2051 838
2051 195
2051 747
2051 789
2052 526
2052 196
2052 606
2052 561
2052 360
2053 468
2053 667
2053 195
2053 773
2053 1188
2054 635
2054 877
2054 196
2054 635
2054 857
2054 1042
2055 196
2055 857
2055 804
2055 877
2055 878
2056 804
2056 878
2056 877
2056 857
2056 197
2056 226
2057 715
2057 614
2057 197
2057 606
2057 877
2057 878
2058 197
2058 485
2058 789
2058 1010
2059 327
2059 327
2059 197
2059 217
2059 541
2060 198
2060 377
2060 418
2060 377
2060 418
2060 913
2061 629
2061 198
2061 377
2061 377
2061 681
2062 1279
2062 430
2062 430
2062 295
2062 295
2062 1453
2062 1043
2062 199
2063 199
2063 448
2063 448
2063 629
2063 857
2064 199
2064 430
2064 430
2064 1004
2064 1290
2065 668
2065 199
2065 294
2065 294
2065 1000
2066 1025
2066 199
2066 430
2066 430
2066 631
2066 1377
2066 412
2067 199
2067 200
2067 430
2067 430
2068 199
2068 381
2068 430
2068 381
2068 430
2069 199
2069 386
2069 388
2069 386
2069 388
2069 629
2069 674
2070 199
2070 377
2070 377
2070 919
2070 365
2070 365
2070 1261
2070 238
2071 199
2071 380
2071 391
2071 380
2071 391
2072 1092
2072 375
2072 375
2072 199
2072 384
2072 384
2072 430
2072 430
2072 421
2073 199
2073 411
2073 448
2073 411
2073 448
2074 199
2074 441
2074 448
2074 441
2074 448
2075 378
2075 378
2075 387
2075 387
2075 476
2075 199
2075 420
2075 420
2076 199
2076 384
2076 389
2076 384
2076 389
2077 199
2077 378
2077 378
2077 349
2077 1113
2078 782
2078 203
2078 199
2078 376
2078 376
2079 606
2079 430
2079 430
2079 789
2079 200
2080 340
2080 376
2080 340
2080 376
2080 199
2080 418
2080 418
2080 1191
2081 302
2081 302
2081 1215
2081 1214
2081 1044
2081 1200
2081 810
2081 943
2081 1015
2081 1444
2081 1389
2081 211
2081 967
2081 200
2081 1401
2081 1309
2081 1043
2082 200
2082 295
2082 418
2082 295
2082 418
2083 200
2083 340
2083 423
2083 340
2083 423
2083 386
2083 415
2084 430
2084 430
2084 418
2084 448
2084 418
2084 448
2084 200
2084 340
2084 387
2084 419
2084 425
2084 340
2084 387
2084 419
2084 425
2084 535
2084 389
2084 681
2084 433
2085 739
2085 200
2085 648
2086 200
2086 448
2086 448
2086 1254
2086 1204
2086 1450
2087 763
2087 840
2087 876
2087 421
2087 421
2087 200
2087 649
2087 1244
2087 427
2087 427
2088 990
2088 200
2088 697
2088 698
2088 599
2088 232
2088 555
2088 620
2088 860
2089 458
2089 200
2089 448
2089 448
2089 577
2089 601
2090 200
2090 410
2090 410
2090 421
2090 421
2090 334
2090 334
2090 262
2090 262
2091 320
2091 320
2091 1172
2091 1026
2091 630
2091 676
2091 672
2091 899
2091 685
2091 1204
2091 201
2092 846
2092 201
2092 1260
2092 1364
2092 742
2092 656
2092 1051
2092 430
2092 430
2092 1140
2093 749
2093 865
2093 458
2093 1238
2093 201
2094 378
2094 418
2094 378
2094 418
2094 851
2094 201
2095 490
2095 201
2095 442
2095 442
2095 838
2096 362
2096 362
2096 201
2096 615
2096 942
2097 485
2097 202
2097 203
2097 331
2097 331
2097 458
2097 527
2098 338
2098 338
2098 625
2098 930
2098 203
2098 530
2099 671
2099 664
2099 630
2099 676
2099 630
2099 676
2099 1411
2099 587
2099 587
2099 1286
2099 674
2099 663
2099 679
2099 1380
2099 203
2099 346
2100 706
2100 972
2100 1017
2100 851
2100 496
2100 726
2100 474
2100 1024
2100 1299
2100 796
2100 1013
2100 891
2100 742
2100 1322
2100 557
2100 1371
2100 797
2100 1276
2100 1335
2100 1316
2100 409
2100 409
2100 1055
2100 526
2100 292
2100 292
2100 203
2100 1188
2100 1421
2100 1424
2100 945
2100 944
2100 1405
2101 724
2101 648
2101 648
2101 203
2101 697
2101 657
2102 586
2102 284
2102 284
2102 310
2102 310
2102 1010
2102 203
2103 630
2103 671
2103 676
2103 203
2103 203
2104 203
2104 629
2104 668
2104 363
2104 363
2104 656
2104 1373
2104 693
2104 429
2104 1286
2105 427
2105 427
2105 840
2105 203
2106 587
2106 886
2106 630
2106 676
2106 630
2106 676
2106 203
2106 1172
2106 1196
2107 203
2107 630
2107 630
2107 676
2107 676
2107 899
2108 611
2108 203
2108 728
2108 1119
2108 417
2109 587
2109 886
2109 890
2109 203
2109 630
2109 676
2110 755
2110 203
2110 470
2110 831
2110 1308
2111 442
2111 442
2111 838
2111 203
2111 650
2112 332
2112 332
2112 203
2112 580
2112 448
2112 448
2112 1210
2112 755
2112 470
2113 630
2113 630
2113 630
2113 630
2113 630
2113 630
2113 676
2113 676
2113 676
2113 676
2113 676
2113 676
2113 777
2113 630
2113 630
2113 676
2113 676
2113 203
2114 314
2114 314
2114 203
2115 626
2115 946
2115 1299
2115 951
2115 204
2115 585
2115 323
2115 323
2116 856
2116 269
2116 269
2116 953
2116 204
2116 942
2117 819
2117 709
2117 1072
2117 694
2117 1086
2117 1115
2117 1313
2117 211
2117 204
2117 603
2117 987
2118 204
2118 1445
2118 1280
2118 987
2118 1043
2118 1113
2118 1117
2118 987
2118 987
2118 495
2118 1365
2118 806
2119 288
2119 288
2119 344
2119 344
2119 205
2120 551
2120 1065
2120 1228
2120 205
2120 235
2121 984
2121 862
2121 1205
2121 816
2121 730
2121 205
2121 1334
2121 969
2121 1400
2121 719
2121 1396
2121 939
2121 1054
2121 1414
2121 1428
2121 1337
2121 863
2121 351
2121 351
2121 1352
2121 959
2121 820
2121 1365
2121 642
2122 562
2122 1119
2122 1311
2122 1234
2122 830
2122 205
2122 1298
2122 1328
2122 686
2122 972
2122 718
2123 787
2123 972
2123 1065
2123 205
2123 993
2123 1385
2123 346
2123 346
2123 585
2124 205
2124 205
2124 361
2124 361
2124 482
2125 239
2125 524
2125 206
2125 210
2125 364
2125 364
2125 1061
2126 206
2126 502
2126 579
2126 578
2126 783
2126 1013
2126 1061
2127 502
2127 578
2127 206
2127 762
2127 572
2128 691
2128 234
2128 206
2128 502
2128 783
2128 587
2129 206
2129 575
2129 1109
2129 1108
2129 602
2130 225
2130 783
2130 913
2130 206
2130 1273
2131 309
2131 309
2131 1015
2131 859
2131 207
2131 1098
2132 1184
2132 207
2132 1429
2132 942
2132 972
2132 491
2133 1129
2133 1300
2133 207
2133 1431
2133 1262
2134 908
2134 818
2134 207
2134 1408
2134 1407
2135 1169
2135 796
2135 1302
2135 891
2135 208
2136 660
2136 837
2136 1165
2136 1245
2136 208
2137 891
2137 602
2137 209
2137 1371
2137 1032
2137 1284
2137 1285
2137 1039
2137 1442
2138 696
2138 209
2138 1307
2138 976
2138 1459
2138 211
2138 959
2139 884
2139 745
2139 1070
2139 1197
2139 624
2139 881
2139 209
2139 1353
2140 780
2140 974
2140 1282
2140 209
2140 1335
2140 1419
2140 1392
2140 390
2140 390
2140 431
2140 1014
2140 987
2140 1080
2141 307
2141 1017
2141 696
2141 1019
2141 910
2141 930
2141 796
2141 1092
2141 270
2141 270
2141 209
2141 1095
2141 1188
2142 879
2142 209
2142 248
2142 1469
2142 1266
2142 1453
2142 1194
2142 1427
2142 721
2142 517
2142 1280
2142 518
2142 1043
2142 585
2142 718
2142 914
2142 1272
2143 1264
2143 1000
2143 1116
2143 613
2143 1244
2143 209
2143 1438
2143 431
2143 1430
2143 603
2143 585
2143 1187
2143 897
2143 898
2143 145
2144 696
2144 911
2144 1069
2144 821
2144 1052
2144 1044
2144 209
2144 976
2144 977
2144 854
2144 431
2144 431
2144 409
2144 419
2144 409
2144 419
2145 575
2145 576
2145 576
2145 570
2145 576
2145 210
2145 783
2146 841
2146 447
2146 447
2146 578
2146 699
2146 1097
2146 210
2147 578
2147 210
2147 325
2147 325
2147 614
2148 1453
2148 728
2148 211
2148 1165
2148 1224
2149 1466
2149 753
2149 999
2149 748
2149 993
2149 1413
2149 1039
2149 1014
2149 548
2149 517
2149 853
2149 585
2149 245
2149 987
2149 585
2149 987
2149 211
2149 1242
2149 972
2149 1331
2149 862
2150 1083
2150 1453
2150 945
2150 1037
2150 211
2150 1449
2150 479
2150 520
2150 1407
2151 1232
2151 1334
2151 1194
2151 683
2151 248
2151 1452
2151 1422
2151 1383
2151 945
2151 211
2152 660
2152 814
2152 1334
2152 1336
2152 1328
2152 940
2152 1394
2152 826
2152 944
2152 945
2152 1081
2152 941
2152 942
2152 983
2152 1015
2152 1038
2152 1406
2152 1037
2152 1009
2152 1441
2152 211
2152 1320
2152 1161
2152 1399
2152 943
2152 1014
2152 1018
2152 1039
2152 765
2152 585
2152 751
2152 931
2152 322
2152 322
2152 528
2152 852
2152 1379
2153 1245
2153 1198
2153 211
2153 765
2153 1404
2154 963
2154 1094
2154 659
2154 1088
2154 1047
2154 1093
2154 1206
2154 1312
2154 1314
2154 1119
2154 866
2154 1052
2154 964
2154 1311
2154 1372
2154 1443
2154 854
2154 1194
2154 993
2154 1422
2154 517
2154 603
2154 1280
2154 250
2154 211
2154 870
2154 495
2154 1113
2154 1186
2154 718
2154 549
2155 696
2155 322
2155 322
2155 212
2155 1454
2155 1397
2156 1076
2156 726
2156 1184
2156 1183
2156 1282
2156 928
2156 1108
2156 1371
2156 1406
2156 245
2156 211
2156 1404
2156 1113
2156 339
2156 339
2157 1201
2157 1100
2157 944
2157 1405
2157 603
2157 518
2157 211
2157 1113
2157 1043
2157 1453
2158 616
2158 1011
2158 490
2158 1024
2158 1149
2158 636
2158 482
2158 489
2158 1191
2158 1310
2158 974
2158 1245
2158 619
2158 258
2158 258
2158 719
2158 1032
2158 977
2158 1459
2158 1351
2158 686
2158 1188
2158 1406
2158 347
2158 347
2158 248
2158 211
2158 751
2158 1316
2158 1449
2158 1384
2158 1453
2158 322
2158 322
2158 473
2158 157
2158 159
2159 1249
2159 1439
2159 211
2159 1420
2159 987
2159 585
2159 1316
2159 323
2159 323
2159 852
2159 1407
2160 659
2160 1128
2160 753
2160 1234
2160 742
2160 1443
2160 1431
2160 1355
2160 1161
2160 1249
2160 1319
2160 211
2160 1148
2160 1404
2160 1242
2160 1453
2160 741
2160 800
2161 1440
2161 1346
2161 1239
2161 1388
2161 1389
2161 836
2161 564
2161 863
2161 211
2161 870
2161 1043
2161 1401
2161 1401
2161 1316
2161 1237
2161 430
2161 430
2161 1401
2162 999
2162 1342
2162 1188
2162 904
2162 211
2162 751
2162 479
2162 1384
2163 1105
2163 994
2163 1047
2163 1288
2163 1200
2163 211
2163 1276
2163 1453
2163 248
2163 211
2163 873
2163 806
2163 1107
2164 566
2164 355
2164 355
2164 705
2164 851
2164 1027
2164 1068
2164 725
2164 803
2164 1182
2164 1200
2164 845
2164 891
2164 778
2164 1333
2164 1450
2164 431
2164 431
2164 211
2164 1273
2164 1080
2164 1407
2165 1058
2165 929
2165 409
2165 409
2165 211
2166 304
2166 304
2166 1156
2166 1349
2166 1333
2166 940
2166 1394
2166 211
2166 1422
2166 1430
2166 944
2166 1113
2166 1043
2166 1045
2166 852
2166 1107
2166 184
2167 1128
2167 383
2167 383
2167 419
2167 419
2167 211
2167 945
2167 1167
2168 211
2168 1424
2168 1113
2168 1331
2168 1381
2169 1156
2169 1126
2169 1234
2169 1322
2169 742
2169 211
2169 1099
2169 246
2169 1161
2169 751
2169 1316
2169 1456
2169 1389
2169 1364
2169 235
2169 1378
2169 82
2169 1366
2170 248
2170 1391
2170 854
2170 211
2170 248
2170 1430
2170 873
2170 1424
2170 1014
2170 942
2170 1015
2170 1321
2170 1291
2170 959
2170 1331
2170 1123
2170 1272
2171 497
2171 802
2171 604
2171 1308
2171 811
2171 846
2171 486
2171 211
2172 725
2172 1073
2172 879
2172 1088
2172 581
2172 1142
2172 1128
2172 1126
2172 686
2172 1236
2172 1236
2172 1170
2172 950
2172 687
2172 684
2172 837
2172 866
2172 1175
2172 999
2172 1202
2172 1200
2172 1311
2172 729
2172 211
2172 1437
2172 1113
2172 987
2173 659
2173 475
2173 1173
2173 1151
2173 211
2173 1386
2173 1277
2173 1273
2174 663
2174 1122
2174 1069
2174 955
2174 1170
2174 701
2174 211
2174 1234
2174 1108
2174 956
2174 1139
2175 1182
2175 567
2175 322
2175 322
2175 612
2175 211
2175 613
2175 928
2175 678
2175 995
2175 1342
2175 1367
2175 1349
2175 1316
2175 1307
2175 1328
2175 1453
2175 409
2175 409
2175 683
2175 686
2175 680
2175 1188
2175 1406
2175 1406
2175 1009
2175 1461
2175 800
2175 820
2175 852
2175 549
2176 708
2176 714
2176 895
2176 725
2176 1106
2176 1035
2176 955
2176 320
2176 320
2176 1205
2176 909
2176 211
2176 1199
2176 967
2176 552
2176 719
2176 1048
2176 1436
2176 1113
2176 959
2177 475
2177 1091
2177 982
2177 1190
2177 1182
2177 950
2177 1119
2177 788
2177 211
2177 1301
2177 729
2177 753
2177 964
2177 1310
2177 1342
2177 883
2177 1256
2177 1113
2177 970
2178 737
2178 936
2178 709
2178 1112
2178 974
2178 211
2178 248
2178 1048
2178 1419
2178 390
2178 390
2178 419
2178 419
2178 1113
2178 1457
2178 1168
2179 706
2179 302
2179 302
2179 851
2179 1044
2179 211
2179 552
2179 594
2180 705
2180 1076
2180 1190
2180 624
2180 788
2180 211
2180 602
2180 980
2180 1362
2180 1452
2180 943
2180 594
2180 1039
2180 1305
2181 702
2181 1141
2181 779
2181 211
2181 1193
2181 1285
2181 810
2182 972
2182 302
2182 302
2182 930
2182 1122
2182 982
2182 1091
2182 1093
2182 879
2182 1088
2182 1090
2182 1200
2182 612
2182 951
2182 211
2182 788
2182 964
2182 958
2182 1082
2182 1244
2182 753
2182 1052
2182 1119
2182 1203
2182 605
2182 1327
2182 1453
2182 519
2182 993
2182 1374
2182 1419
2182 874
2182 826
2182 1015
2182 250
2182 248
2182 1120
2182 585
2182 1113
2182 1186
2182 847
2183 862
2183 1119
2183 1164
2183 211
2183 1387
2183 409
2183 1453
2183 1452
2184 211
2184 1116
2184 618
2184 1188
2184 1360
2184 1032
2185 1017
2185 722
2185 682
2185 211
2185 891
2185 519
2185 1054
2185 941
2185 548
2185 1275
2185 1463
2186 304
2186 304
2186 726
2186 1112
2186 211
2186 390
2186 390
2186 686
2186 1015
2186 1376
2186 1449
2187 1152
2187 816
2187 1302
2187 211
2187 1203
2187 519
2187 1317
2187 942
2187 945
2187 1239
2187 250
2187 1114
2187 1053
2187 1384
2187 1186
2187 1408
2188 280
2188 280
2188 1182
2188 211
2188 998
2188 1247
2189 884
2189 307
2189 307
2189 924
2189 270
2189 270
2189 322
2189 322
2189 974
2189 211
2189 1176
2189 1336
2189 1038
2190 1112
2190 997
2190 211
2190 1115
2190 1330
2190 979
2190 1370
2190 1335
2190 1349
2190 1298
2190 1400
2190 1459
2190 1194
2190 942
2190 1256
2190 1354
2190 1113
2190 1045
2190 1309
2190 1053
2190 1331
2190 1472
2190 970
2191 211
2191 273
2191 384
2191 273
2191 384
2191 461
2191 506
2191 699
2192 211
2192 528
2192 528
2192 615
2192 639
2193 860
2193 905
2193 1150
2193 1221
2193 213
2194 213
2194 794
2194 825
2194 1429
2194 539
2194 1042
2195 490
2195 638
2195 213
2195 742
2195 612
2196 213
2196 681
2196 1015
2196 539
2196 731
2196 1111
2197 991
2197 525
2197 213
2197 497
2197 448
2197 448
2197 1013
2197 293
2197 293
2197 525
2198 215
2198 1149
2198 955
2198 1226
2198 1468
2198 897
2199 972
2199 302
2199 302
2199 938
2199 460
2199 475
2199 1006
2199 215
2199 1342
2199 1359
2199 1437
2199 1009
2200 215
2200 946
2200 1160
2200 1147
2200 943
2200 1337
2200 1117
2200 1384
2201 307
2201 307
2201 215
2201 684
2201 1163
2202 938
2202 761
2202 215
2202 1084
2202 796
2203 215
2203 934
2203 1009
2203 771
2203 322
2203 322
2203 491
2203 1324
2204 217
2204 587
2204 886
2204 587
2204 587
2205 217
2205 541
2205 217
2205 327
2205 327
2206 218
2206 218
2206 401
2206 401
2206 697
2207 239
2207 524
2207 573
2207 697
2207 219
2208 442
2208 442
2208 838
2208 219
2208 838
2208 1049
2209 596
2209 219
2209 1348
2209 324
2209 324
2210 219
2210 600
2210 601
2210 630
2210 630
2210 630
2210 630
2210 630
2210 664
2210 676
2210 676
2210 676
2210 676
2210 676
2210 682
2210 1030
2211 689
2211 219
2211 442
2211 442
2211 838
2212 219
2212 441
2212 441
2212 648
2212 453
2212 831
2212 747
2212 492
2212 606
2213 220
2213 14
2213 222
2213 326
2213 343
2214 220
2214 223
2214 490
2214 430
2214 430
2215 221
2215 326
2215 326
2215 630
2215 676
2215 724
2216 222
2216 1236
2216 283
2216 283
2216 503
2216 518
2216 751
2217 224
2217 801
2217 871
2217 327
2217 327
2218 1015
2218 882
2218 1219
2218 1347
2218 1389
2218 564
2218 225
2219 418
2219 418
2219 856
2219 997
2219 225
2219 531
2219 416
2219 416
2220 987
2220 225
2220 497
2220 293
2220 293
2221 225
2221 542
2221 571
2221 697
2221 731
2222 225
2222 370
2222 370
2222 401
2222 401
2223 1114
2223 771
2223 835
2223 226
2223 921
2224 226
2224 804
2224 857
2224 877
2224 878
2225 227
2225 227
2225 774
2225 938
2225 1051
2225 1195
2225 1158
2225 842
2225 1249
2226 228
2226 722
2226 1266
2226 1332
2226 968
2226 1043
2226 1331
2227 228
2227 821
2227 1246
2227 1265
2227 766
2227 1224
2227 1120
2228 228
2228 1149
2228 1101
2228 562
2228 1117
2229 228
2229 1149
2229 955
2229 1355
2229 594
2229 853
2229 564
2230 630
2230 676
2230 814
2230 228
2230 1112
2230 1143
2231 879
2231 682
2231 612
2231 229
2231 1307
2232 1180
2232 229
2232 1387
2232 1295
2232 1263
2232 145
2232 122
2232 523
2233 348
2233 348
2233 530
2233 697
2233 230
2233 805
2234 1057
2234 698
2234 230
2234 642
2234 442
2234 442
2234 838
2235 230
2235 1057
2235 1411
2235 650
2235 1085
2236 231
2236 1415
2236 885
2236 540
2236 509
2237 1286
2237 231
2237 318
2237 318
2237 319
2238 596
2238 232
2238 585
2238 191
2238 430
2238 430
2238 1360
2239 802
2239 456
2239 231
2239 989
2239 975
2240 370
2240 370
2240 418
2240 418
2240 413
2240 413
2240 377
2240 432
2240 377
2240 432
2240 231
2240 414
2240 414
2240 529
2240 535
2240 550
2240 629
2240 747
2240 865
2240 811
2241 231
2241 865
2241 871
2242 232
2242 538
2242 546
2242 1046
2242 545
2242 689
2243 1169
2243 1165
2243 1303
2243 1095
2243 1333
2243 1359
2243 969
2243 1277
2243 1397
2243 1453
2243 1419
2243 1054
2243 1441
2243 1154
2243 987
2243 585
2243 1448
2243 235
2244 235
2244 549
2244 811
2244 846
2244 235
2244 782
2245 493
2245 334
2245 334
2245 653
2245 236
2246 316
2246 316
2246 1223
2246 1223
2246 506
2246 236
2247 236
2247 493
2247 494
2247 563
2247 506
2248 237
2248 709
2248 660
2248 1086
2248 1051
2248 1218
2248 1115
2248 1282
2248 557
2249 237
2249 972
2249 936
2249 1071
2249 1295
2249 1099
2249 964
2250 237
2250 984
2250 1058
2250 1132
2250 879
2250 1011
2250 475
2250 1091
2250 1236
2250 998
2250 1119
2250 753
2250 1412
2250 552
2250 1048
2250 943
2250 1442
2250 882
2250 1347
2250 1009
2250 548
2250 1020
2250 479
2250 1331
2251 237
2251 908
2251 951
2251 1294
2251 1382
2251 723
2252 237
2252 1076
2252 941
2252 617
2252 1430
2252 1263
2252 1376
2253 237
2253 1064
2253 1035
2253 950
2253 1266
2253 383
2253 383
2254 846
2254 1377
2254 1007
2254 1401
2254 617
2254 239
2254 524
2255 251
2255 1057
2255 373
2255 373
2255 1227
2255 1227
2255 1418
2255 294
2255 448
2255 294
2255 448
2255 239
2255 524
2256 656
2256 1051
2256 807
2256 239
2256 524
2257 239
2257 524
2257 1096
2257 1103
2257 1104
2258 239
2258 430
2258 430
2258 524
2258 935
2259 239
2259 524
2259 1015
2259 813
2259 868
2260 241
2260 257
2260 257
2260 841
2260 790
2261 242
2261 316
2261 316
2261 398
2261 935
2262 242
2262 315
2262 320
2262 398
2262 315
2262 320
2262 398
2262 1111
2263 243
2263 395
2263 397
2263 395
2263 397
2263 1119
2264 243
2264 395
2264 397
2264 399
2264 395
2264 397
2264 399
2265 395
2265 395
2265 243
2265 395
2265 395
2266 243
2266 395
2266 397
2266 399
2266 395
2266 397
2266 399
2267 244
2267 269
2267 269
2267 659
2267 725
2267 726
2268 244
2268 475
2268 496
2268 460
2268 725
2268 631
2268 733
2269 244
2269 270
2269 270
2269 460
2269 475
2269 660
2270 738
2270 875
2270 244
2270 313
2270 313
2270 738
2271 1232
2271 501
2271 956
2271 1437
2271 1428
2271 1354
2271 245
2272 1105
2272 1337
2272 245
2272 585
2272 1113
2272 1113
2272 1449
2273 1284
2273 1350
2273 1421
2273 245
2273 1085
2274 1161
2274 246
2274 1113
2274 1043
2274 987
2275 269
2275 269
2275 246
2275 853
2275 517
2275 248
2276 790
2276 854
2276 1111
2276 246
2276 1325
2276 1015
2276 1008
2276 564
2276 1099
2276 1404
2276 820
2277 312
2277 312
2277 1011
2277 932
2277 837
2277 1322
2277 602
2277 1454
2277 1383
2277 1269
2277 1406
2277 246
2277 1016
2278 834
2278 949
2278 1068
2278 1357
2278 246
2278 771
2278 351
2279 246
2279 771
2279 1388
2279 1280
2279 564
2279 863
2279 1389
2279 1344
2279 1389
2280 261
2280 261
2280 448
2280 448
2280 247
2280 1238
2281 400
2281 400
2281 247
2281 578
2281 1111
2282 783
2282 579
2282 247
2282 502
2282 575
2283 739
2283 498
2283 247
2284 764
2284 518
2284 248
2284 1463
2284 1408
2285 536
2285 268
2285 268
2285 1122
2285 903
2285 1214
2285 612
2285 1300
2285 1359
2285 1400
2285 1239
2285 248
2285 1408
2286 1207
2286 1248
2286 1232
2286 1325
2286 248
2286 972
2287 1099
2287 882
2287 1346
2287 1347
2287 1239
2287 1388
2287 518
2287 836
2287 564
2287 863
2287 1389
2287 248
2287 1045
2287 1256
2287 1389
2288 1360
2288 594
2288 1039
2288 248
2288 250
2289 1314
2289 1224
2289 1451
2289 981
2289 248
2289 847
2290 450
2290 1071
2290 1206
2290 1116
2290 904
2290 1417
2290 1188
2290 1015
2290 1354
2290 1249
2290 1439
2290 250
2290 248
2290 1043
2291 1453
2291 1428
2291 945
2291 594
2291 248
2291 1081
2292 312
2292 312
2292 952
2292 1322
2292 1369
2292 1316
2292 1393
2292 1421
2292 248
2292 250
2293 814
2293 562
2293 1245
2293 1414
2293 248
2293 1080
2294 248
2294 1320
2294 1439
2294 1016
2294 1460
2294 1444
2294 1445
2294 1120
2294 1085
2294 1352
2294 1407
2295 1245
2295 1276
2295 1077
2295 248
2295 1449
2295 1107
2295 1407
2296 1152
2296 1465
2296 248
2296 853
2296 1113
2296 585
2296 852
2296 1107
2296 607
2297 704
2297 1090
2297 248
2297 1387
2297 409
2297 1442
2297 1014
2297 942
2297 974
2297 473
2298 1065
2298 932
2298 796
2298 1191
2298 248
2298 1336
2298 1369
2298 1376
2298 959
2299 1082
2299 248
2299 956
2299 1453
2299 680
2300 1137
2300 1106
2300 1175
2300 1234
2300 248
2300 1145
2300 700
2300 1253
2301 307
2301 307
2301 1292
2301 1191
2301 958
2301 1247
2301 248
2301 1188
2301 1395
2301 1422
2301 852
2302 759
2302 1088
2302 1091
2302 1093
2302 581
2302 684
2302 1303
2302 248
2303 895
2303 722
2303 997
2303 248
2303 959
2304 910
2304 1094
2304 722
2304 978
2304 1236
2304 270
2304 270
2304 686
2304 1265
2304 776
2304 1294
2304 1322
2304 248
2304 940
2304 1015
2305 963
2305 1091
2305 1128
2305 1218
2305 779
2305 618
2305 891
2305 248
2305 969
2305 1400
2306 861
2306 1023
2306 894
2306 248
2306 1397
2306 1431
2306 987
2306 1376
2307 706
2307 984
2307 856
2307 162
2307 1205
2307 248
2307 1369
2307 942
2307 1280
2307 1186
2308 692
2308 683
2308 691
2308 867
2308 929
2308 1063
2308 1006
2308 248
2308 1032
2308 1397
2308 1133
2309 835
2309 675
2309 630
2309 675
2309 676
2309 630
2309 676
2309 567
2309 1411
2309 613
2309 630
2309 676
2309 249
2309 569
2309 587
2309 587
2309 886
2309 899
2309 587
2309 587
2309 587
2309 735
2309 693
2309 571
2309 611
2309 457
2310 1125
2310 1271
2310 1247
2310 1467
2310 1438
2310 519
2310 1459
2310 250
2310 1376
2310 1344
2310 1273
2310 235
2311 1071
2311 1299
2311 1192
2311 618
2311 1431
2311 250
2312 708
2312 1089
2312 984
2312 1047
2312 677
2312 1109
2312 1095
2312 1374
2312 842
2312 383
2312 419
2312 383
2312 419
2312 144
2312 1355
2312 250
2312 1404
2312 323
2312 323
2313 268
2313 268
2313 1152
2313 691
2313 932
2313 1311
2313 250
2314 1169
2314 1216
2314 928
2314 980
2314 1109
2314 883
2314 250
2314 1186
2315 698
2315 764
2315 612
2315 701
2315 1191
2315 1234
2315 845
2315 1372
2315 1163
2315 1332
2315 1276
2315 1360
2315 1328
2315 552
2315 1459
2315 1284
2315 700
2315 853
2315 1009
2315 351
2315 351
2315 250
2315 1376
2315 1344
2315 852
2315 1272
2315 1408
2316 1206
2316 1302
2316 1188
2316 1338
2316 1441
2316 250
2317 376
2317 376
2317 418
2317 418
2317 536
2317 280
2317 280
2317 895
2317 1229
2317 1213
2317 1298
2317 390
2317 390
2317 767
2317 1240
2317 1431
2317 250
2318 1326
2318 1100
2318 346
2318 346
2318 250
2318 1113
2318 585
2318 1043
2318 1449
2319 252
2319 1001
2319 1058
2319 270
2319 270
2319 1241
2319 928
2319 987
2319 1449
2319 1155
2320 252
2320 302
2320 302
2320 774
2320 1146
2320 651
2321 252
2321 758
2321 1059
2321 1078
2321 1051
2321 1396
2322 252
2322 780
2322 621
2322 1071
2322 726
2323 252
2323 709
2323 582
2323 1091
2323 1063
2323 1082
2323 974
2323 1294
2323 602
2323 1099
2324 253
2324 256
2324 287
2324 253
2324 256
2324 287
2325 481
2325 254
2325 254
2325 254
2325 254
2326 332
2326 332
2326 254
2326 254
2326 292
2326 292
2326 278
2326 278
2326 587
2327 255
2327 442
2327 255
2327 442
2327 838
2328 318
2328 318
2328 255
2328 255
2328 477
2329 255
2329 255
2329 255
2329 255
2329 484
2329 593
2330 1129
2330 1207
2330 1248
2330 258
2330 258
2330 1113
2330 520
2331 596
2331 261
2331 320
2331 261
2331 320
2332 365
2332 365
2332 441
2332 441
2332 261
2332 261
2332 975
2333 320
2333 320
2333 262
2333 262
2334 561
2334 768
2334 469
2334 789
2334 1191
2334 262
2334 262
2335 262
2335 262
2335 544
2335 544
2335 542
2335 540
2336 265
2336 265
2336 265
2336 265
2336 265
2337 267
2337 267
2337 359
2337 359
2338 394
2338 394
2338 394
2338 394
2338 394
2338 394
2338 267
2338 267
2338 359
2338 359
2339 616
2339 267
2339 267
2339 359
2339 359
2339 698
2340 530
2340 267
2340 359
2340 267
2340 359
2341 267
2341 359
2341 267
2341 359
2341 1191
2342 838
2342 913
2342 450
2342 268
2342 268
2343 631
2343 664
2343 736
2343 268
2343 268
2344 268
2344 268
2344 1070
2344 496
2344 691
2345 660
2345 984
2345 268
2345 268
2345 1417
2345 1008
2346 796
2346 268
2346 268
2346 934
2346 1373
2346 1453
2347 268
2347 268
2347 1058
2347 1353
2347 1327
2347 1351
2348 706
2348 714
2348 660
2348 268
2348 268
2348 455
2348 862
2349 551
2349 714
2349 268
2349 268
2349 1074
2349 1182
2349 756
2349 684
2349 1301
2349 1396
2349 1374
2349 1464
2349 549
2349 1381
2350 268
2350 268
2350 856
2350 1063
2350 1258
2350 1241
2351 268
2351 268
2351 1342
2351 1328
2351 1417
2351 1327
2351 431
2351 431
2351 1326
2351 751
2352 268
2352 268
2352 1285
2352 771
2352 942
2352 1321
2352 1389
2352 1305
2352 145
2352 847
2352 1408
2353 268
2353 268
2353 474
2353 1064
2353 322
2353 322
2353 1245
2353 957
2354 269
2354 269
2354 475
2354 1301
2354 1077
2354 719
2354 1427
2354 1452
2354 1406
2355 757
2355 269
2355 269
2355 450
2355 1091
2355 881
2355 940
2355 1374
2355 1240
2355 1383
2355 339
2355 339
2355 1113
2356 896
2356 269
2356 269
2356 694
2356 320
2356 320
2356 1190
2356 1128
2357 703
2357 355
2357 355
2357 269
2357 269
2358 759
2358 269
2358 269
2358 1225
2358 1272
2359 450
2359 474
2359 1058
2359 269
2359 269
2359 1064
2359 1051
2359 1353
2359 767
2360 269
2360 269
2360 1084
2360 1190
2360 1181
2360 974
2360 613
2360 1113
2360 900
2361 356
2361 356
2361 355
2361 355
2361 972
2361 1071
2361 269
2361 269
2361 950
2361 612
2361 1303
2361 1370
2361 1372
2361 1277
2361 1391
2361 1374
2361 1433
2361 1460
2361 1291
2361 1045
2361 1457
2361 1449
2361 800
2362 717
2362 856
2362 269
2362 269
2362 1181
2362 517
2363 949
2363 269
2363 269
2363 997
2363 1419
2364 269
2364 269
2364 862
2364 1162
2364 701
2364 1287
2364 1077
2364 598
2364 1381
2364 1408
2365 703
2365 774
2365 702
2365 963
2365 269
2365 269
2365 761
2365 1264
2366 621
2366 930
2366 851
2366 1071
2366 269
2366 269
2366 1013
2366 1000
2366 953
2366 1188
2366 159
2367 270
2367 270
2367 746
2367 585
2367 987
2367 852
2368 450
2368 474
2368 803
2368 862
2368 1162
2368 270
2368 270
2368 1333
2368 976
2368 977
2368 1441
2368 1291
2368 532
2368 1257
2369 787
2369 1022
2369 818
2369 1144
2369 475
2369 1142
2369 1228
2369 270
2369 270
2369 796
2369 258
2369 1372
2369 1419
2369 1295
2369 962
2369 1415
2370 758
2370 924
2370 903
2370 320
2370 320
2370 1125
2370 270
2370 270
2370 999
2370 1311
2370 1044
2370 1454
2370 1430
2370 1429
2370 751
2370 987
2371 270
2371 270
2371 686
2371 1267
2371 642
2372 270
2372 270
2372 475
2373 270
2373 270
2373 292
2373 364
2373 292
2373 364
2374 271
2374 271
2374 1432
2374 1015
2374 1239
2374 1346
2374 1388
2374 564
2374 836
2374 1389
2374 863
2374 1267
2374 1389
2374 322
2374 322
2375 271
2375 271
2375 630
2375 676
2375 470
2376 707
2376 271
2376 271
2376 587
2376 886
2377 373
2377 373
2377 1418
2377 808
2377 328
2377 328
2377 272
2377 272
2377 387
2377 387
2377 410
2377 410
2377 1185
2378 805
2378 375
2378 375
2378 384
2378 384
2378 272
2378 272
2379 375
2379 375
2379 272
2379 272
2379 471
2380 272
2380 295
2380 375
2380 272
2380 295
2380 375
2381 272
2381 427
2381 432
2381 272
2381 427
2381 432
2382 272
2382 448
2382 272
2382 448
2382 535
2383 273
2383 295
2383 430
2383 273
2383 295
2383 430
2384 273
2384 382
2384 430
2384 273
2384 382
2384 430
2384 437
2385 273
2385 411
2385 420
2385 273
2385 411
2385 420
2385 535
2386 273
2386 273
2386 876
2387 273
2387 374
2387 377
2387 381
2387 413
2387 273
2387 374
2387 377
2387 381
2387 413
2387 802
2388 273
2388 411
2388 273
2388 411
2388 667
2388 588
2389 393
2389 393
2389 275
2389 275
2389 275
2389 275
2389 590
2390 334
2390 334
2390 275
2390 275
2390 655
2391 275
2391 275
2391 506
2391 337
2391 337
2391 563
2392 275
2392 275
2392 493
2392 506
2392 655
2393 458
2393 595
2393 755
2393 275
2393 275
2393 1316
2393 1185
2394 337
2394 337
2394 275
2394 275
2394 305
2394 305
2394 494
2395 275
2395 337
2395 275
2395 337
2395 563
2395 506
2396 494
2396 277
2396 277
2396 493
2396 770
2396 885
2396 276
2396 276
2396 655
2397 393
2397 393
2397 276
2397 276
2397 277
2397 277
2398 278
2398 278
2398 653
2399 279
2399 348
2399 279
2399 348
2399 829
2400 280
2400 282
2400 280
2400 282
2400 824
2401 280
2401 280
2401 1065
2401 1076
2401 1367
2401 1298
2401 1325
2402 737
2402 867
2402 280
2402 280
2402 856
2402 1083
2402 1271
2402 1468
2402 1353
2402 944
2403 280
2403 280
2403 282
2403 282
2403 1214
2404 1041
2404 1231
2404 283
2404 283
2404 1130
2404 1230
2405 283
2405 283
2405 1041
2405 1130
2405 1230
2405 1231
2406 283
2406 283
2406 1041
2406 1130
2406 1230
2406 1231
2407 1041
2407 283
2407 283
2407 1130
2407 1231
2408 284
2408 288
2408 284
2408 288
2408 558
2408 736
2409 285
2409 286
2409 285
2409 286
2410 286
2410 288
2410 286
2410 288
2411 595
2411 289
2411 289
2411 292
2411 292
2411 530
2411 324
2411 324
2412 289
2412 289
2412 444
2412 444
2412 965
2413 442
2413 442
2413 838
2413 290
2413 290
2414 290
2414 290
2414 290
2414 290
2414 290
2414 290
2415 290
2415 290
2415 544
2415 587
2415 587
2415 587
2415 697
2416 291
2416 291
2416 406
2416 406
2416 406
2416 406
2417 291
2417 406
2417 408
2417 291
2417 406
2417 408
2418 291
2418 291
2418 896
2418 408
2418 408
2419 469
2419 292
2419 292
2419 747
2419 885
2420 292
2420 448
2420 292
2420 448
2420 934
2421 1132
2421 292
2421 292
2421 974
2421 1177
2421 979
2421 1336
2421 1307
2421 1139
2421 870
2421 1409
2422 292
2422 292
2422 733
2422 1065
2422 1072
2423 670
2423 292
2423 292
2423 750
2423 843
2424 292
2424 292
2424 528
2424 627
2424 292
2424 292
2424 526
2425 1020
2425 292
2425 292
2425 585
2425 1020
2426 373
2426 373
2426 692
2426 293
2426 293
2427 442
2427 442
2427 838
2427 707
2427 293
2427 293
2428 802
2428 609
2428 293
2428 293
2428 947
2429 293
2429 293
2429 606
2429 681
2429 801
2430 293
2430 293
2430 711
2430 293
2430 293
2431 294
2431 294
2431 298
2431 298
2431 530
2432 481
2432 747
2432 293
2432 293
2432 746
2432 947
2433 442
2433 442
2433 838
2433 511
2433 293
2433 293
2434 365
2434 365
2434 294
2434 294
2434 1227
2435 448
2435 448
2435 294
2435 294
2435 423
2435 423
2436 442
2436 442
2436 838
2436 294
2436 294
2436 1286
2437 294
2437 420
2437 425
2437 294
2437 420
2437 425
2438 293
2438 293
2438 1041
2438 293
2438 293
2438 498
2438 1204
2439 293
2439 293
2439 293
2439 293
2440 448
2440 448
2440 381
2440 381
2440 293
2440 293
2440 393
2440 393
2441 295
2441 418
2441 295
2441 418
2441 857
2442 293
2442 293
2442 530
2442 441
2442 441
2443 295
2443 430
2443 295
2443 430
2443 679
2444 295
2444 295
2444 327
2444 430
2444 327
2444 430
2445 293
2445 293
2445 463
2445 293
2445 293
2446 295
2446 430
2446 448
2446 295
2446 430
2446 448
2447 293
2447 325
2447 293
2447 325
2447 467
2447 639
2448 296
2448 296
2448 630
2448 676
2448 630
2448 676
2448 630
2448 676
2449 528
2449 528
2449 528
2449 296
2449 296
2449 944
2450 616
2450 638
2450 1377
2450 298
2450 298
2450 618
2451 556
2451 691
2451 927
2451 692
2451 686
2451 298
2451 298
2451 482
2451 298
2451 298
2451 1040
2452 298
2452 298
2452 327
2452 327
2452 1210
2453 325
2453 325
2453 615
2453 647
2453 588
2453 329
2453 329
2453 658
2453 298
2453 298
2454 298
2454 298
2454 759
2454 305
2454 305
2454 490
2454 705
2454 489
2455 299
2455 299
2455 644
2455 314
2455 314
2455 308
2455 308
2456 1073
2456 684
2456 1453
2456 1458
2456 299
2456 299
2456 1423
2456 1331
2457 790
2457 794
2457 825
2457 300
2457 300
2457 504
2458 504
2458 794
2458 954
2458 300
2458 300
2459 301
2459 301
2459 430
2459 430
2459 742
2459 249
2460 302
2460 302
2460 1361
2460 383
2460 383
2460 1427
2460 431
2460 943
2461 302
2461 302
2461 938
2461 663
2461 660
2461 1066
2461 1169
2462 714
2462 302
2462 302
2462 1094
2462 660
2462 1213
2463 302
2463 302
2463 1363
2463 1427
2463 518
2463 959
2463 847
2463 1366
2464 703
2464 302
2464 302
2464 998
2464 1453
2465 787
2465 472
2465 302
2465 302
2465 536
2465 938
2466 302
2466 302
2466 1311
2466 1458
2466 683
2466 810
2466 1154
2466 1155
2467 304
2467 304
2467 1023
2467 1059
2467 474
2468 809
2468 854
2468 305
2468 305
2469 304
2469 304
2469 949
2469 1092
2469 1035
2469 678
2470 304
2470 304
2470 758
2470 851
2470 956
2470 1422
2470 1043
2470 1407
2471 490
2471 411
2471 411
2471 305
2471 305
2471 489
2472 305
2472 305
2472 490
2472 606
2472 1124
2473 745
2473 304
2473 304
2473 952
2473 852
2474 587
2474 587
2474 886
2474 305
2474 305
2474 1169
2474 1315
2475 482
2475 489
2475 305
2475 305
2475 1024
2476 306
2476 306
2476 447
2476 449
2476 447
2476 449
2477 306
2477 447
2477 306
2477 447
2478 307
2478 307
2478 1022
2478 659
2478 1124
2478 1011
2478 929
2478 1190
2478 1127
2478 1246
2478 684
2478 1232
2478 1042
2478 742
2478 1224
2478 1360
2478 719
2478 1393
2478 1326
2478 1424
2478 974
2478 1405
2478 1325
2478 1337
2478 1045
2478 1161
2478 1256
2479 307
2479 307
2479 856
2479 1142
2479 928
2479 956
2479 1349
2479 983
2479 1113
2479 1448
2479 1407
2480 708
2480 703
2480 307
2480 307
2480 1017
2480 867
2480 949
2480 1071
2480 1058
2480 582
2480 999
2480 1392
2480 987
2480 987
2481 307
2481 307
2481 496
2481 1333
2481 1456
2481 561
2481 1408
2482 307
2482 307
2482 938
2482 908
2482 474
2482 1076
2482 1134
2482 1075
2482 722
2482 1128
2482 1112
2482 999
2482 1392
2482 1394
2482 1393
2482 1317
2482 746
2482 1161
2482 82
2482 1407
2483 308
2483 308
2483 656
2483 299
2483 1423
2484 310
2484 310
2484 284
2484 558
2485 311
2485 311
2485 370
2485 372
2485 373
2485 370
2485 372
2485 373
2485 1418
2485 770
2486 312
2486 312
2486 1346
2486 959
2486 610
2486 1380
2486 1463
2487 744
2487 312
2487 312
2487 1386
2487 981
2488 312
2488 312
2488 984
2488 904
2488 1163
2488 1360
2488 1099
2488 1406
2489 693
2489 312
2489 312
2489 832
2489 435
2489 435
2490 312
2490 312
2490 867
2490 1006
2490 1101
2490 1465
2491 896
2491 312
2491 312
2491 803
2491 473
2492 315
2492 316
2492 315
2492 316
2492 317
2493 315
2493 357
2493 398
2493 315
2493 357
2493 398
2494 315
2494 315
2494 316
2494 316
2494 663
2494 382
2494 382
2495 315
2495 317
2495 315
2495 317
2495 755
2496 862
2496 631
2496 631
2496 631
2496 315
2496 315
2496 595
2497 316
2497 316
2497 568
2497 1308
2498 399
2498 399
2498 317
2498 397
2498 317
2498 397
2499 789
2499 701
2499 729
2499 318
2499 318
2500 868
2500 318
2500 318
2500 559
2500 365
2500 365
2501 319
2501 319
2501 318
2501 318
2501 318
2501 318
2502 713
2502 318
2502 318
2502 886
2502 663
2503 318
2503 318
2503 477
2503 318
2503 318
2504 318
2504 318
2504 1004
2504 965
2504 832
2505 574
2505 318
2505 448
2505 318
2505 448
2505 635
2505 423
2505 423
2506 747
2506 812
2506 1314
2506 1292
2506 320
2506 320
2506 1262
2507 463
2507 497
2507 320
2507 320
2507 681
2508 1105
2508 814
2508 862
2508 320
2508 320
2508 1151
2508 1335
2508 967
2508 719
2508 1194
2508 1350
2508 1341
2508 680
2508 1440
2508 942
2508 1309
2508 1118
2508 799
2508 1379
2508 1159
2509 972
2509 963
2509 475
2509 320
2509 320
2509 1321
2509 1407
2509 917
2509 1168
2510 1122
2510 163
2510 320
2510 320
2510 562
2510 1299
2510 796
2510 1292
2510 1039
2510 495
2511 1070
2511 1190
2511 320
2511 320
2511 1152
2512 952
2512 320
2512 320
2512 1246
2512 1052
2512 999
2512 1244
2512 552
2512 1419
2512 1413
2512 1008
2513 320
2513 320
2513 1170
2513 766
2513 479
2514 725
2514 320
2514 320
2514 1245
2514 1014
2514 1012
2515 896
2515 621
2515 879
2515 450
2515 726
2515 320
2515 320
2515 998
2515 1294
2515 1195
2515 346
2515 346
2516 441
2516 441
2516 533
2516 320
2516 320
2516 882
2516 901
2517 321
2517 344
2517 321
2517 344
2517 473
2518 344
2518 344
2518 321
2518 321
2518 1080
2519 616
2519 321
2519 321
2519 331
2519 331
2520 344
2520 344
2520 321
2520 321
2520 473
2520 688
2520 663
2521 997
2521 1276
2521 969
2521 323
2521 323
2522 1062
2522 562
2522 1312
2522 1302
2522 766
2522 1336
2522 1353
2522 1139
2522 1454
2522 517
2522 518
2522 585
2522 323
2522 323
2522 491
2522 1272
2523 686
2523 394
2523 394
2523 394
2523 394
2523 322
2523 322
2523 881
2524 1464
2524 603
2524 1161
2524 835
2524 1384
2524 322
2524 322
2524 159
2524 184
2524 1409
2525 985
2525 794
2525 505
2525 954
2525 1011
2525 1063
2525 322
2525 322
2525 1247
2525 881
2525 904
2525 1195
2525 1158
2525 322
2525 322
2526 322
2526 322
2526 670
2526 881
2526 1082
2526 1424
2527 322
2527 322
2527 1234
2527 448
2527 448
2528 322
2528 322
2528 471
2528 1024
2528 1136
2528 424
2528 424
2529 930
2529 1127
2529 766
2529 999
2529 322
2529 322
2529 1330
2529 976
2530 1074
2530 1024
2530 322
2530 322
2530 969
2530 1453
2531 1064
2531 1182
2531 1101
2531 1300
2531 934
2531 322
2531 322
2531 964
2531 1095
2531 1199
2531 1188
2531 1367
2531 1328
2531 1396
2531 1432
2531 700
2531 479
2532 488
2532 759
2532 1094
2532 1090
2532 978
2532 1126
2532 1218
2532 322
2532 322
2532 779
2532 798
2532 1193
2532 1453
2532 1454
2532 1450
2532 1435
2532 1399
2532 1161
2532 1099
2532 1472
2533 1175
2533 322
2533 322
2533 1311
2533 1282
2533 1371
2534 1071
2534 1090
2534 322
2534 322
2534 958
2534 613
2534 1322
2534 1421
2534 1220
2534 1016
2534 1020
2535 442
2535 442
2535 838
2535 324
2535 324
2536 647
2536 324
2536 324
2536 667
2536 973
2537 441
2537 441
2537 324
2537 324
2537 795
2538 697
2538 667
2538 540
2538 325
2538 325
2538 442
2538 442
2538 838
2539 639
2539 773
2539 325
2539 325
2539 697
2540 487
2540 497
2540 637
2540 325
2540 325
2540 801
2540 1056
2541 325
2541 325
2541 639
2541 667
2541 1211
2542 325
2542 325
2542 468
2542 615
2542 667
2543 325
2543 325
2543 1056
2543 532
2543 681
2543 1257
2544 325
2544 325
2544 1056
2544 365
2544 365
2545 485
2545 325
2545 325
2545 975
2545 1056
2545 1211
2546 325
2546 325
2546 893
2546 1056
2546 1211
2547 325
2547 378
2547 386
2547 402
2547 448
2547 325
2547 378
2547 386
2547 402
2547 448
2547 568
2548 325
2548 325
2548 1056
2548 970
2548 1379
2548 468
2548 639
2549 325
2549 325
2549 667
2549 540
2549 1056
2550 325
2550 325
2550 1056
2550 615
2550 667
2551 325
2551 325
2551 1013
2551 325
2551 325
2551 567
2552 365
2552 365
2552 565
2552 325
2552 325
2553 325
2553 325
2553 528
2553 615
2553 1056
2554 325
2554 325
2554 726
2554 1086
2554 932
2554 986
2554 1334
2554 1332
2554 1038
2554 1337
2554 835
2554 585
2555 528
2555 528
2555 615
2555 325
2555 325
2555 667
2555 971
2556 325
2556 325
2556 588
2556 591
2556 615
2557 1379
2557 327
2557 327
2557 541
2557 1210
2558 384
2558 384
2558 848
2558 971
2558 327
2558 327
2558 375
2558 327
2558 327
2558 375
2559 328
2559 328
2559 550
2559 550
2559 747
2559 749
2559 865
2559 1003
2560 328
2560 328
2560 749
2560 933
2560 1003
2561 328
2561 328
2561 916
2561 550
2561 749
2561 933
2562 747
2562 865
2562 1003
2562 1241
2562 891
2562 1372
2562 328
2562 328
2562 1154
2562 1352
2562 1113
2563 490
2563 559
2563 328
2563 328
2563 1315
2564 841
2564 747
2564 916
2564 328
2564 328
2565 328
2565 328
2565 657
2565 865
2565 916
2565 933
2566 330
2566 330
2566 1125
2566 1084
2566 499
2566 499
2567 330
2567 330
2567 473
2567 499
2567 1080
2567 1112
2567 1125
2568 330
2568 344
2568 330
2568 344
2568 1127
2569 330
2569 331
2569 330
2569 331
2569 499
2570 331
2570 344
2570 331
2570 344
2570 473
2570 970
2570 330
2570 330
2571 330
2571 331
2571 330
2571 331
2571 344
2571 344
2572 331
2572 331
2572 499
2572 330
2572 330
2573 330
2573 331
2573 330
2573 331
2573 473
2574 344
2574 344
2574 330
2574 330
2574 473
2574 318
2575 330
2575 330
2575 344
2575 330
2575 330
2575 344
2575 473
2576 330
2576 344
2576 330
2576 344
2576 473
2576 595
2577 331
2577 331
2577 499
2577 783
2577 1293
2578 333
2578 333
2578 482
2579 633
2579 738
2579 336
2579 336
2579 530
2580 338
2580 338
2581 972
2581 696
2581 663
2581 1001
2581 1122
2581 1105
2581 1300
2581 1299
2581 1116
2581 798
2581 719
2581 976
2581 940
2581 1451
2581 339
2581 339
2581 987
2581 1113
2581 1448
2582 943
2582 1113
2582 339
2582 339
2582 987
2582 1461
2582 959
2582 1305
2582 1275
2583 460
2583 891
2583 996
2583 1438
2583 1452
2583 339
2583 339
2583 806
2584 1327
2584 339
2584 339
2584 585
2584 987
2585 1127
2585 1170
2585 1203
2585 845
2585 686
2585 1121
2585 585
2585 339
2585 339
2585 1262
2586 482
2586 340
2586 340
2586 742
2586 1273
2586 1188
2587 600
2587 340
2587 421
2587 340
2587 421
2587 534
2587 417
2588 987
2588 411
2588 411
2588 476
2588 534
2588 734
2588 340
2588 340
2589 340
2589 384
2589 391
2589 340
2589 384
2589 391
2590 650
2590 341
2590 423
2590 341
2590 423
2591 826
2591 342
2591 342
2591 791
2591 792
2591 793
2591 528
2591 458
2591 528
2592 368
2592 368
2592 613
2592 344
2592 344
2592 499
2593 344
2593 344
2593 344
2593 344
2593 499
2594 613
2594 612
2594 345
2594 345
2594 728
2594 443
2594 443
2595 1453
2595 1350
2595 1414
2595 1201
2595 1453
2595 346
2595 346
2595 987
2595 700
2595 1424
2595 1161
2595 1154
2595 1456
2595 900
2596 911
2596 1092
2596 994
2596 1128
2596 1264
2596 1241
2596 1192
2596 678
2596 1382
2596 1342
2596 1277
2596 842
2596 390
2596 390
2596 1100
2596 346
2596 346
2596 765
2597 938
2597 1070
2597 951
2597 977
2597 1394
2597 346
2597 346
2597 987
2597 610
2597 122
2598 1079
2598 1383
2598 346
2598 346
2598 1291
2599 1022
2599 696
2599 612
2599 678
2599 1349
2599 1353
2599 1438
2599 1397
2599 1393
2599 721
2599 700
2599 942
2599 1388
2599 1008
2599 1445
2599 347
2599 347
2600 894
2600 1129
2600 1218
2600 1310
2600 1462
2600 1429
2600 347
2600 347
2601 348
2601 348
2601 765
2601 584
2601 584
2601 828
2601 939
2601 456
2602 348
2602 348
2602 749
2602 348
2602 348
2603 348
2603 348
2603 668
2603 747
2603 616
2604 442
2604 442
2604 838
2604 348
2604 348
2604 909
2605 348
2605 348
2605 747
2605 819
2605 348
2605 348
2606 349
2606 349
2607 942
2607 1388
2607 351
2607 350
2607 350
2607 632
2607 1365
2607 898
2608 927
2608 1207
2608 1248
2608 1164
2608 1167
2608 1008
2608 350
2608 350
2608 972
2608 806
2609 1063
2609 626
2609 442
2609 442
2609 838
2609 1311
2609 1194
2609 1098
2609 1413
2609 351
2609 351
2609 585
2609 1012
2609 491
2609 852
2609 473
2610 487
2610 1089
2610 561
2610 352
2610 352
2611 442
2611 442
2611 838
2611 353
2611 353
2612 630
2612 676
2612 630
2612 676
2612 587
2612 587
2612 886
2612 664
2612 886
2612 353
2612 353
2612 1049
2613 353
2613 442
2613 353
2613 442
2613 838
2614 355
2614 355
2614 1152
2614 1195
2614 1219
2614 1114
2614 852
2615 355
2615 355
2615 703
2615 702
2615 704
2615 963
2616 355
2616 355
2616 703
2616 758
2616 1277
2616 1048
2616 942
2616 863
2616 1461
2616 1158
2617 355
2617 355
2617 581
2617 1299
2617 1430
2617 1240
2618 744
2618 355
2618 355
2618 774
2618 963
2618 937
2618 619
2618 1259
2618 1434
2618 852
2619 857
2619 877
2619 356
2619 356
2619 453
2620 442
2620 442
2620 838
2620 358
2620 358
2621 546
2621 690
2621 1046
2621 360
2621 360
2621 782
2622 373
2622 373
2622 453
2622 735
2622 360
2622 360
2623 594
2623 668
2623 1108
2623 594
2623 727
2623 363
2623 363
2623 525
2624 363
2624 363
2624 1052
2624 567
2624 668
2624 430
2624 430
2625 363
2625 363
2625 490
2625 862
2625 1173
2626 363
2626 363
2626 565
2626 594
2626 668
2627 485
2627 868
2627 919
2627 1027
2627 364
2627 364
2627 1061
2628 555
2628 1057
2628 572
2628 364
2628 364
2629 458
2629 646
2629 545
2629 364
2629 364
2630 442
2630 442
2630 838
2630 365
2630 365
2631 509
2631 365
2631 365
2631 57
2632 1057
2632 657
2632 749
2632 829
2632 1097
2632 1411
2632 365
2632 365
2633 643
2633 807
2633 828
2633 855
2633 366
2633 366
2634 823
2634 366
2634 366
2634 927
2634 606
2635 369
2635 369
2635 369
2635 369
2635 369
2635 369
2636 369
2636 369
2636 369
2636 369
2636 966
2637 369
2637 369
2637 458
2637 369
2637 369
2638 370
2638 372
2638 370
2638 372
2638 527
2639 370
2639 371
2639 372
2639 370
2639 371
2639 372
2640 370
2640 373
2640 370
2640 373
2640 373
2640 373
2640 1418
2640 490
2640 456
2640 1227
2641 370
2641 372
2641 373
2641 370
2641 372
2641 373
2642 370
2642 370
2642 373
2642 373
2642 1418
2643 373
2643 373
2643 1418
2643 370
2643 370
2644 370
2644 372
2644 370
2644 372
2644 444
2644 444
2644 1166
2644 1166
2644 6
2645 569
2645 371
2645 371
2645 373
2645 373
2645 373
2645 373
2645 373
2645 373
2645 925
2646 373
2646 373
2646 371
2646 371
2646 965
2647 373
2647 373
2647 373
2647 373
2647 373
2647 373
2647 372
2647 372
2647 583
2648 372
2648 373
2648 372
2648 373
2648 1418
2649 527
2649 583
2649 372
2649 372
2649 681
2649 609
2649 698
2649 561
2649 660
2650 373
2650 373
2650 1418
2650 372
2650 372
2650 527
2651 372
2651 373
2651 372
2651 373
2651 1418
2652 372
2652 373
2652 372
2652 373
2652 373
2652 373
2653 373
2653 373
2653 1418
2653 373
2653 373
2653 373
2653 373
2653 583
2654 373
2654 373
2654 1418
2654 1027
2654 55
2655 375
2655 375
2655 373
2655 373
2655 1418
2656 373
2656 373
2656 373
2656 373
2656 1418
2657 373
2657 373
2657 808
2657 925
2657 1418
2657 1227
2658 373
2658 373
2658 373
2658 373
2658 925
2659 373
2659 373
2659 373
2659 373
2659 1418
2659 1418
2660 373
2660 373
2660 583
2660 916
2660 1418
2660 373
2660 373
2660 1418
2661 587
2661 886
2661 373
2661 373
2661 1418
2661 587
2662 373
2662 373
2662 373
2662 373
2662 1418
2663 373
2663 373
2663 933
2663 1097
2663 1418
2664 373
2664 373
2664 373
2664 373
2664 1418
2665 373
2665 373
2665 373
2665 373
2665 965
2666 373
2666 373
2666 1418
2666 630
2666 676
2667 373
2667 373
2667 1418
2667 461
2667 580
2667 846
2667 859
2668 625
2668 373
2668 373
2668 1418
2668 1331
2668 1020
2669 373
2669 373
2669 373
2669 373
2669 1418
2670 373
2670 373
2670 373
2670 373
2670 1418
2671 583
2671 373
2671 373
2671 373
2671 373
2671 583
2671 373
2671 373
2671 373
2671 373
2671 373
2671 373
2671 373
2671 373
2672 373
2672 373
2672 373
2672 373
2672 1418
2673 583
2673 373
2673 373
2673 373
2673 373
2673 1418
2674 373
2674 373
2674 630
2674 676
2674 587
2675 373
2675 373
2675 1418
2675 373
2675 373
2675 1418
2676 716
2676 373
2676 373
2676 1418
2676 623
2677 373
2677 373
2677 373
2677 373
2677 1418
2678 373
2678 373
2678 763
2678 918
2678 593
2679 373
2679 373
2679 373
2679 373
2679 1418
2680 375
2680 375
2680 534
2681 684
2681 697
2681 375
2681 430
2681 375
2681 430
2681 340
2682 727
2682 735
2682 375
2682 430
2682 375
2682 430
2682 603
2683 375
2683 382
2683 430
2683 375
2683 382
2683 430
2684 443
2684 443
2684 375
2684 375
2684 377
2685 375
2685 430
2685 375
2685 430
2685 476
2686 375
2686 420
2686 430
2686 375
2686 420
2686 430
2687 375
2687 384
2687 420
2687 375
2687 384
2687 420
2687 534
2688 375
2688 375
2688 885
2688 1172
2688 415
2688 434
2688 415
2688 434
2688 953
2688 417
2689 375
2689 415
2689 425
2689 375
2689 415
2689 425
2689 629
2690 1279
2690 420
2690 420
2690 377
2690 430
2690 377
2690 430
2690 762
2690 811
2690 1275
2690 578
2690 378
2691 377
2691 425
2691 430
2691 377
2691 425
2691 430
2692 378
2692 382
2692 378
2692 382
2692 430
2692 430
2692 566
2693 378
2693 418
2693 430
2693 378
2693 418
2693 430
2694 1194
2694 378
2694 382
2694 384
2694 420
2694 378
2694 382
2694 384
2694 420
2695 379
2695 416
2695 448
2695 379
2695 416
2695 448
2696 720
2696 376
2696 376
2697 437
2697 437
2697 378
2697 378
2698 420
2698 420
2698 989
2698 376
2698 376
2698 535
2699 453
2699 376
2699 388
2699 448
2699 376
2699 388
2699 448
2700 377
2700 387
2700 377
2700 387
2700 583
2701 376
2701 376
2701 382
2701 384
2701 382
2701 384
2702 377
2702 383
2702 377
2702 383
2702 630
2702 649
2702 676
2702 378
2702 378
2703 376
2703 448
2703 376
2703 448
2703 531
2704 574
2704 377
2704 383
2704 387
2704 377
2704 383
2704 387
2704 629
2705 378
2705 420
2705 378
2705 420
2705 933
2706 434
2706 434
2706 535
2706 381
2706 381
2707 471
2707 381
2707 381
2707 715
2707 430
2707 430
2708 377
2708 384
2708 377
2708 384
2708 433
2708 433
2709 382
2709 442
2709 448
2709 382
2709 442
2709 448
2709 838
2710 425
2710 434
2710 425
2710 434
2710 381
2710 381
2711 384
2711 384
2711 476
2711 382
2711 382
2712 428
2712 428
2712 382
2712 382
2713 378
2713 378
2713 417
2713 417
2713 535
2714 448
2714 448
2714 382
2714 428
2714 382
2714 428
2714 384
2714 419
2714 433
2714 384
2714 419
2714 433
2714 413
2715 630
2715 676
2715 587
2715 382
2715 382
2716 1307
2716 1328
2716 383
2716 383
2716 1240
2716 981
2716 585
2716 1043
2716 1384
2716 1461
2717 1126
2717 997
2717 448
2717 448
2717 1350
2717 383
2717 383
2718 455
2718 1170
2718 779
2718 1271
2718 1192
2718 1362
2718 1453
2718 383
2718 383
2719 818
2719 1066
2719 1175
2719 1382
2719 1336
2719 383
2719 383
2720 385
2720 385
2720 611
2721 388
2721 411
2721 388
2721 411
2721 383
2721 383
2721 430
2721 430
2722 1180
2722 1330
2722 1274
2722 383
2722 383
2722 1380
2722 1323
2723 1089
2723 1132
2723 929
2723 1312
2723 958
2723 1301
2723 1192
2723 1310
2723 881
2723 383
2723 383
2724 911
2724 1022
2724 460
2724 684
2724 383
2724 383
2725 385
2725 385
2725 1345
2725 1345
2725 1402
2725 391
2725 391
2726 386
2726 386
2726 390
2726 390
2726 476
2727 383
2727 430
2727 383
2727 430
2727 649
2728 384
2728 384
2728 476
2728 422
2728 422
2729 384
2729 384
2729 485
2729 543
2730 434
2730 434
2730 476
2730 387
2730 387
2730 629
2730 772
2731 387
2731 448
2731 387
2731 448
2731 535
2731 649
2732 448
2732 448
2732 645
2732 801
2732 802
2732 478
2732 497
2732 388
2732 388
2732 426
2732 426
2732 59
2732 1351
2732 498
2733 1088
2733 388
2733 441
2733 388
2733 441
2734 1208
2734 1068
2734 779
2734 998
2734 842
2734 1284
2734 390
2734 390
2734 943
2734 585
2734 1045
2734 549
2735 1062
2735 1122
2735 1175
2735 1143
2735 701
2735 723
2735 1316
2735 1353
2735 1443
2735 390
2735 390
2735 1018
2735 1016
2736 726
2736 928
2736 1109
2736 390
2736 390
2737 866
2737 390
2737 390
2737 1355
2737 1420
2737 82
2738 569
2738 1027
2738 930
2738 856
2738 1078
2738 1173
2738 390
2738 390
2738 1099
2738 852
2739 1112
2739 1109
2739 969
2739 390
2739 390
2739 914
2740 856
2740 984
2740 390
2740 390
2740 987
2740 632
2740 1107
2741 391
2741 391
2741 432
2741 430
2741 432
2741 430
2742 592
2742 681
2742 391
2742 391
2742 792
2743 392
2743 392
2743 459
2743 770
2743 885
2744 392
2744 392
2744 1270
2744 1289
2744 763
2744 1439
2745 660
2745 393
2745 393
2745 236
2745 337
2746 394
2746 394
2746 970
2746 822
2746 586
2747 471
2747 394
2747 394
2747 528
2747 833
2747 1021
2747 726
2747 1015
2747 1177
2748 395
2748 397
2748 399
2748 395
2748 397
2748 399
2748 243
2748 357
2749 394
2749 394
2749 528
2749 971
2749 528
2750 395
2750 397
2750 399
2750 395
2750 397
2750 399
2751 395
2751 397
2751 399
2751 395
2751 397
2751 399
2752 396
2752 396
2752 442
2752 442
2752 838
2753 1015
2753 396
2753 396
2753 594
2753 971
2754 567
2754 400
2754 400
2754 982
2754 1090
2754 1410
2754 984
2755 831
2755 402
2755 402
2755 448
2755 448
2756 630
2756 630
2756 676
2756 676
2756 775
2756 630
2756 676
2756 1030
2756 403
2756 403
2756 630
2756 676
2756 1196
2756 899
2757 827
2757 404
2757 404
2757 630
2757 676
2757 1251
2757 1254
2758 404
2758 404
2758 630
2758 676
2758 827
2758 664
2758 1172
2759 490
2759 404
2759 404
2759 789
2759 871
2760 406
2760 406
2760 702
2760 963
2760 1213
2760 1176
2760 1361
2760 1417
2760 1457
2761 406
2761 408
2761 406
2761 408
2761 77
2762 613
2762 1307
2762 409
2762 409
2762 1317
2763 472
2763 1092
2763 496
2763 1091
2763 1241
2763 766
2763 677
2763 1328
2763 977
2763 409
2763 409
2763 873
2763 1009
2763 1376
2763 964
2763 1409
2764 659
2764 1446
2764 409
2764 409
2764 873
2764 835
2764 1008
2764 987
2764 751
2764 1043
2765 708
2765 612
2765 496
2765 1184
2765 1288
2765 1170
2765 1052
2765 1322
2765 1359
2765 1443
2765 1032
2765 409
2765 409
2766 460
2766 998
2766 677
2766 1163
2766 1371
2766 1396
2766 409
2766 409
2766 987
2767 496
2767 1059
2767 410
2767 410
2767 1234
2767 1434
2767 1413
2767 1121
2768 416
2768 419
2768 430
2768 416
2768 419
2768 430
2769 417
2769 417
2769 434
2769 434
2769 381
2770 1334
2770 419
2770 419
2770 1472
2770 852
2770 1366
2771 492
2771 751
2771 419
2771 419
2771 617
2771 847
2771 598
2772 1282
2772 557
2772 1327
2772 1453
2772 1054
2772 1055
2772 419
2772 419
2772 686
2772 1326
2772 873
2772 945
2772 1256
2772 520
2773 418
2773 443
2773 418
2773 443
2773 1188
2773 485
2773 1402
2774 418
2774 418
2774 1015
2775 789
2775 418
2775 418
2775 569
2775 1021
2776 422
2776 433
2776 434
2776 422
2776 433
2776 434
2776 534
2776 1169
2777 1111
2777 448
2777 448
2777 422
2777 422
2778 789
2778 448
2778 448
2778 423
2778 423
2779 448
2779 448
2779 423
2779 423
2779 426
2779 426
2780 423
2780 423
2780 458
2780 693
2780 846
2781 425
2781 425
2781 753
2781 1119
2781 138
2782 429
2782 429
2782 448
2782 448
2782 789
2782 674
2782 1238
2782 1286
2783 432
2783 448
2783 432
2783 448
2783 422
2784 432
2784 430
2784 448
2784 432
2784 430
2784 448
2784 198
2785 630
2785 676
2785 436
2785 436
2785 630
2785 676
2785 630
2785 676
2785 750
2786 921
2786 530
2786 430
2786 430
2786 308
2787 1011
2787 903
2787 1051
2787 1116
2787 1353
2787 940
2787 436
2787 436
2787 1437
2787 1435
2787 585
2788 436
2788 436
2788 436
2788 436
2788 1314
2789 436
2789 436
2789 436
2789 436
2789 436
2789 436
2790 645
2790 430
2790 430
2790 693
2790 1401
2791 436
2791 436
2791 458
2791 681
2791 763
2792 453
2792 699
2792 1286
2792 1286
2792 1286
2792 1286
2792 430
2792 430
2793 430
2793 430
2793 482
2793 681
2793 1238
2794 430
2794 430
2794 959
2794 1273
2794 1133
2794 852
2794 1085
2794 1409
2794 1408
2794 1366
2794 1407
2794 1168
2795 430
2795 430
2795 762
2795 567
2795 915
2795 858
2796 430
2796 448
2796 430
2796 448
2796 1260
2797 448
2797 448
2797 430
2797 430
2797 1286
2798 508
2798 442
2798 442
2798 838
2798 430
2798 430
2799 1148
2799 1148
2799 631
2799 439
2799 439
2800 439
2800 439
2800 439
2800 439
2800 795
2801 440
2801 440
2801 440
2801 440
2802 440
2802 439
2802 440
2802 439
2802 439
2802 439
2803 999
2803 933
2803 439
2803 439
2804 440
2804 440
2804 945
2805 439
2805 439
2805 669
2805 1415
2806 430
2806 448
2806 430
2806 448
2806 693
2807 739
2807 430
2807 448
2807 430
2807 448
2808 430
2808 430
2808 547
2808 905
2808 1102
2809 620
2809 430
2809 430
2809 380
2809 947
2810 430
2810 448
2810 430
2810 448
2810 555
2811 430
2811 448
2811 430
2811 448
2811 749
2812 448
2812 448
2812 430
2812 430
2812 741
2813 699
2813 442
2813 442
2813 838
2813 441
2813 441
2814 441
2814 442
2814 441
2814 442
2814 838
2815 441
2815 442
2815 441
2815 442
2815 838
2816 442
2816 442
2816 838
2816 441
2816 441
2817 747
2817 587
2817 587
2817 565
2817 441
2817 441
2818 442
2818 442
2818 838
2818 441
2818 441
2818 482
2819 441
2819 448
2819 441
2819 448
2819 933
2820 430
2820 430
2820 602
2820 885
2820 965
2821 441
2821 441
2821 693
2821 630
2821 676
2822 697
2822 441
2822 441
2822 540
2822 697
2823 441
2823 441
2823 442
2823 442
2823 838
2824 442
2824 442
2824 838
2824 441
2824 441
2825 442
2825 443
2825 442
2825 443
2825 838
2826 1013
2826 693
2826 1013
2826 567
2826 442
2826 442
2826 838
2827 611
2827 442
2827 442
2827 838
2827 886
2828 750
2828 906
2828 442
2828 442
2828 838
2828 860
2828 1104
2828 1007
2829 443
2829 443
2829 442
2829 442
2829 838
2830 442
2830 445
2830 442
2830 445
2830 838
2831 448
2831 448
2831 697
2831 442
2831 442
2831 838
2831 1453
2832 703
2832 911
2832 796
2832 1076
2832 1294
2832 1436
2832 1434
2832 1147
2832 1240
2832 1430
2832 1432
2832 443
2832 443
2832 1158
2832 17
2833 442
2833 448
2833 442
2833 448
2833 838
2834 443
2834 443
2834 530
2834 896
2834 58
2835 442
2835 442
2835 838
2835 448
2835 448
2836 442
2836 442
2836 838
2836 443
2836 443
2837 444
2837 444
2837 630
2837 630
2837 676
2837 676
2838 442
2838 442
2838 763
2838 838
2838 1270
2839 442
2839 442
2839 630
2839 676
2839 838
2839 899
2840 443
2840 443
2840 630
2840 672
2840 676
2840 1254
2840 1196
2840 1403
2841 606
2841 832
2841 530
2841 442
2841 442
2841 838
2841 915
2842 533
2842 442
2842 442
2842 838
2842 606
2842 1057
2842 1085
2843 443
2843 443
2843 1172
2843 596
2843 1021
2843 631
2843 648
2843 733
2844 482
2844 482
2844 661
2844 489
2844 483
2844 443
2844 443
2844 533
2845 442
2845 442
2845 546
2845 838
2845 1046
2846 588
2846 442
2846 442
2846 838
2846 862
2847 443
2847 443
2847 443
2847 443
2847 531
2848 529
2848 972
2848 442
2848 442
2848 838
2849 848
2849 442
2849 442
2849 838
2849 53
2850 984
2850 442
2850 442
2850 838
2850 659
2850 660
2851 442
2851 442
2851 506
2851 838
2851 878
2852 698
2852 530
2852 442
2852 442
2852 838
2852 1221
2853 512
2853 631
2853 442
2853 442
2853 838
2854 1004
2854 442
2854 442
2854 838
2854 631
2854 1235
2855 545
2855 537
2855 442
2855 442
2855 838
2855 546
2855 1046
2855 658
2856 442
2856 442
2856 838
2856 546
2856 1046
2857 442
2857 442
2857 630
2857 676
2857 838
2858 442
2858 442
2858 838
2858 453
2858 846
2859 648
2859 443
2859 443
2859 533
2860 442
2860 442
2860 838
2860 691
2860 928
2860 940
2860 771
2860 944
2860 853
2861 442
2861 442
2861 838
2861 630
2861 676
2862 442
2862 442
2862 838
2862 587
2862 763
2863 442
2863 442
2863 838
2863 461
2864 747
2864 443
2864 443
2864 530
2864 846
2865 442
2865 442
2865 442
2865 442
2865 838
2865 838
2866 442
2866 442
2866 838
2866 630
2866 676
2867 630
2867 676
2867 448
2867 448
2867 425
2868 823
2868 1052
2868 920
2868 693
2868 448
2868 448
2869 448
2869 448
2869 1360
2870 666
2870 1402
2870 448
2870 448
2870 742
2871 512
2871 587
2871 587
2871 448
2871 448
2872 587
2872 918
2872 448
2872 448
2872 649
2873 448
2873 448
2873 630
2873 676
2873 899
2874 711
2874 711
2874 1110
2874 448
2874 448
2874 490
2874 578
2874 868
2874 628
2874 857
2874 681
2874 1042
2875 448
2875 448
2875 805
2875 865
2875 1033
2876 475
2876 660
2876 450
2876 496
2876 984
2876 1058
2877 450
2877 659
2877 660
2877 984
2877 726
2877 1058
2877 1286
2878 450
2878 1192
2878 1303
2878 1334
2878 1363
2878 632
2879 714
2879 757
2879 1073
2879 450
2879 1058
2879 1090
2879 1182
2879 1112
2879 1098
2879 1350
2879 1384
2880 819
2880 663
2880 450
2880 999
2880 557
2880 1284
2880 1240
2880 983
2880 1015
2880 1038
2880 987
2881 631
2881 1007
2881 656
2881 451
2881 1166
2882 453
2882 747
2882 749
2882 841
2882 865
2882 933
2882 1003
2882 1033
2883 528
2883 885
2883 1033
2883 453
2884 453
2884 550
2884 550
2884 747
2884 965
2885 790
2885 455
2885 694
2885 909
2885 562
2886 458
2886 630
2886 630
2886 630
2886 676
2886 676
2886 676
2886 923
2887 458
2887 1286
2887 921
2887 762
2887 174
2888 738
2888 458
2888 880
2888 1110
2888 528
2888 858
2888 1002
2888 1138
2888 1110
2889 697
2889 832
2889 459
2889 885
2889 349
2890 717
2890 745
2890 1019
2890 1059
2890 1072
2890 1065
2890 460
2890 1091
2890 1063
2890 1382
2890 718
2891 460
2891 1115
2891 1376
2891 799
2891 897
2892 621
2892 460
2892 994
2892 837
2892 1203
2892 1287
2892 798
2892 1391
2892 993
2892 1414
2892 520
2892 1408
2893 708
2893 460
2893 1035
2893 1246
2893 1082
2893 974
2893 1318
2893 1167
2893 528
2894 949
2894 460
2894 1067
2894 1234
2894 1458
2894 680
2894 1441
2894 1447
2894 495
2894 964
2895 1140
2895 461
2895 461
2895 461
2895 739
2895 1364
2896 477
2896 478
2896 463
2896 1036
2896 109
2896 637
2897 464
2897 826
2897 497
2897 802
2897 478
2898 731
2898 465
2898 1179
2898 831
2898 1191
2899 465
2899 572
2899 576
2899 578
2899 783
2899 989
2899 1061
2899 138
2900 465
2900 720
2900 684
2900 1069
2900 691
2900 1064
2901 469
2901 988
2901 1098
2901 1054
2901 1055
2901 959
2902 652
2902 670
2902 470
2902 587
2903 472
2903 867
2903 952
2903 1078
2903 1068
2903 1175
2903 1202
2903 999
2903 1191
2903 964
2903 986
2903 519
2903 1319
2903 1242
2903 1113
2903 598
2904 856
2904 725
2904 1160
2904 1269
2904 1113
2904 1053
2904 473
2905 481
2905 480
2905 473
2905 628
2905 499
2906 474
2906 1112
2906 613
2906 891
2906 602
2906 1342
2906 1201
2906 585
2906 1117
2907 1068
2907 474
2907 1067
2907 1443
2907 1395
2907 1421
2907 987
2908 474
2908 1134
2908 879
2908 814
2908 162
2908 1311
2908 1095
2908 1360
2908 552
2908 853
2909 474
2909 751
2909 1271
2909 964
2909 1317
2909 1453
2909 853
2910 714
2910 703
2910 963
2910 474
2910 582
2910 818
2910 1066
2910 756
2911 551
2911 1124
2911 474
2911 764
2911 1313
2911 1312
2911 1165
2911 552
2911 1274
2911 1450
2911 1458
2911 1098
2911 983
2911 943
2911 713
2911 1060
2912 1017
2912 834
2912 984
2912 1122
2912 474
2912 1149
2913 705
2913 474
2913 725
2913 1198
2913 1394
2913 1081
2913 1043
2913 1380
2914 1076
2914 474
2914 1090
2914 1129
2914 998
2914 557
2914 719
2914 1339
2915 663
2915 725
2915 475
2915 1152
2915 1313
2915 1296
2915 1440
2915 1014
2915 1256
2915 642
2916 536
2916 475
2916 1069
2916 1082
2916 1200
2916 964
2916 742
2917 496
2917 1132
2917 475
2917 1206
2917 495
2917 900
2918 475
2918 1091
2918 796
2918 996
2918 1442
2919 819
2919 475
2919 1276
2919 1442
2919 517
2919 1154
2919 548
2919 1426
2919 520
2919 585
2919 1043
2919 1113
2919 987
2919 1407
2920 588
2920 477
2920 498
2920 828
2920 855
2921 1106
2921 1165
2921 613
2921 479
2921 1381
2921 462
2922 1429
2922 1432
2922 826
2922 1015
2922 479
2922 926
2923 826
2923 983
2923 1221
2923 542
2923 1222
2923 480
2924 481
2924 480
2924 644
2924 736
2924 736
2925 482
2925 1173
2925 489
2925 661
2925 705
2926 482
2926 484
2926 761
2926 954
2926 919
2927 380
2927 1136
2927 871
2927 1060
2927 485
2928 641
2928 485
2928 705
2928 1380
2929 578
2929 486
2929 487
2929 528
2929 1379
2930 846
2930 846
2930 488
2930 762
2930 920
2931 803
2931 1382
2931 1367
2931 1383
2931 1326
2931 1100
2931 1154
2931 1099
2931 1384
2931 1404
2931 1355
2931 1187
2931 1331
2931 491
2931 607
2931 1189
2932 1160
2932 610
2932 491
2932 598
2932 1408
2933 1058
2933 1066
2933 742
2933 1188
2933 1342
2933 986
2933 1316
2933 941
2933 491
2933 607
2934 1144
2934 1058
2934 1134
2934 1225
2934 492
2934 1191
2934 967
2934 1394
2934 870
2934 1113
2935 1064
2935 492
2935 988
2935 1391
2935 1396
2935 810
2936 745
2936 851
2936 496
2936 814
2936 1173
2936 999
2936 1316
2936 1392
2936 993
2936 1421
2936 1113
2936 321
2937 884
2937 496
2937 803
2937 1181
2937 1467
2937 751
2937 1262
2937 323
2938 630
2938 676
2938 630
2938 676
2938 498
2938 802
2939 794
2939 500
2939 510
2939 510
2939 510
2939 510
2939 510
2939 510
2939 510
2939 510
2939 510
2939 510
2939 510
2939 510
2939 510
2939 510
2939 510
2939 510
2939 510
2939 510
2939 510
2939 510
2939 510
2939 510
2939 510
2939 510
2939 510
2939 510
2939 510
2939 510
2939 510
2939 510
2939 510
2939 510
2939 510
2939 510
2939 510
2939 510
2939 510
2939 510
2939 510
2939 510
2939 510
2939 510
2939 510
2939 510
2939 510
2939 510
2939 510
2939 510
2939 510
2939 510
2939 510
2939 510
2939 510
2939 510
2939 510
2939 510
2939 510
2939 510
2939 510
2939 510
2939 510
2939 510
2939 510
2939 510
2939 510
2939 510
2939 510
2939 510
2939 510
2939 510
2939 510
2939 510
2939 510
2939 510
2939 510
2939 510
2939 510
2939 510
2939 510
2939 510
2939 510
2939 510
2939 510
2939 510
2939 510
2939 510
2939 510
2939 510
2939 510
2939 510
2939 510
2939 510
2939 510
2939 510
2939 510
2939 510
2939 510
2939 510
2939 510
2939 510
2939 510
2939 510
2939 510
2939 510
2939 510
2939 510
2939 510
2939 510
2939 510
2939 510
2939 510
2939 510
2939 510
2939 510
2939 510
2939 510
2939 510
2939 510
2939 510
2939 510
2939 510
2939 510
2940 500
2940 510
2940 510
2940 510
2940 510
2940 510
2940 510
2940 510
2940 510
2940 510
2940 510
2940 510
2940 510
2940 510
2940 510
2940 510
2940 510
2940 510
2940 510
2940 510
2940 510
2940 510
2940 510
2940 510
2940 510
2940 510
2940 510
2940 510
2940 510
2940 510
2940 510
2940 510
2940 510
2940 510
2940 510
2940 510
2940 510
2940 510
2940 510
2940 510
2940 510
2940 510
2940 510
2940 510
2940 510
2940 510
2940 510
2940 510
2940 510
2940 510
2940 510
2940 510
2940 510
2940 510
2940 510
2940 510
2940 510
2940 510
2940 510
2940 510
2940 510
2940 510
2940 510
2940 510
2940 510
2940 510
2940 510
2940 510
2940 510
2940 510
2940 510
2940 510
2940 510
2940 510
2940 510
2940 510
2940 510
2940 510
2940 510
2940 510
2940 510
2940 510
2940 510
2940 510
2940 510
2940 510
2940 510
2940 510
2940 510
2940 510
2940 510
2940 510
2940 510
2940 510
2940 510
2940 510
2940 510
2940 510
2940 510
2940 510
2940 510
2940 510
2940 510
2940 510
2940 510
2940 510
2940 510
2940 510
2940 510
2940 510
2940 510
2940 510
2940 510
2940 510
2940 510
2940 510
2940 510
2940 510
2940 510
2940 510
2940 510
2940 510
2940 1195
2940 510
2941 500
2941 510
2941 510
2941 510
2941 510
2941 510
2941 510
2941 510
2941 510
2941 510
2941 510
2941 510
2941 510
2941 510
2941 510
2941 510
2941 510
2941 510
2941 510
2941 510
2941 510
2941 510
2941 510
2941 510
2941 510
2941 510
2941 510
2941 510
2941 510
2941 510
2941 510
2941 510
2941 510
2941 510
2941 510
2941 510
2941 510
2941 510
2941 510
2941 510
2941 510
2941 510
2941 510
2941 510
2941 510
2941 510
2941 510
2941 510
2941 510
2941 510
2941 510
2941 510
2941 510
2941 510
2941 510
2941 510
2941 510
2941 510
2941 510
2941 510
2941 510
2941 510
2941 510
2941 510
2941 510
2941 510
2941 510
2941 510
2941 510
2941 510
2941 510
2941 510
2941 510
2941 510
2941 510
2941 510
2941 510
2941 510
2941 510
2941 510
2941 510
2941 510
2941 510
2941 510
2941 510
2941 510
2941 510
2941 510
2941 510
2941 510
2941 510
2941 510
2941 510
2941 510
2941 510
2941 510
2941 510
2941 510
2941 510
2941 510
2941 510
2941 510
2941 510
2941 510
2941 510
2941 510
2941 510
2941 510
2941 510
2941 510
2941 510
2941 510
2941 510
2941 510
2941 510
2941 510
2941 510
2941 510
2941 510
2941 510
2941 510
2941 510
2941 510
2942 825
2942 500
2942 510
2942 510
2942 510
2942 510
2942 510
2942 510
2942 510
2942 510
2942 510
2942 510
2942 510
2942 510
2942 510
2942 510
2942 510
2942 510
2942 510
2942 510
2942 510
2942 510
2942 510
2942 510
2942 510
2942 510
2942 510
2942 510
2942 510
2942 510
2942 510
2942 510
2942 510
2942 510
2942 510
2942 510
2942 510
2942 510
2942 510
2942 510
2942 510
2942 510
2942 510
2942 510
2942 510
2942 510
2942 510
2942 510
2942 510
2942 510
2942 510
2942 510
2942 510
2942 510
2942 510
2942 510
2942 510
2942 510
2942 510
2942 510
2942 510
2942 510
2942 510
2942 510
2942 510
2942 510
2942 510
2942 510
2942 510
2942 510
2942 510
2942 510
2942 510
2942 510
2942 510
2942 510
2942 510
2942 510
2942 510
2942 510
2942 510
2942 510
2942 510
2942 510
2942 510
2942 510
2942 510
2942 510
2942 510
2942 510
2942 510
2942 510
2942 510
2942 510
2942 510
2942 510
2942 510
2942 510
2942 510
2942 510
2942 510
2942 510
2942 510
2942 510
2942 510
2942 510
2942 510
2942 510
2942 510
2942 510
2942 510
2942 510
2942 510
2942 510
2942 510
2942 510
2942 510
2942 510
2942 510
2942 510
2942 510
2942 510
2942 510
2942 510
2943 500
2943 510
2943 510
2943 510
2943 510
2943 510
2943 510
2943 510
2943 510
2943 510
2943 510
2943 510
2943 510
2943 510
2943 510
2943 510
2943 510
2943 510
2943 510
2943 510
2943 510
2943 510
2943 510
2943 510
2943 510
2943 510
2943 510
2943 510
2943 510
2943 510
2943 510
2943 510
2943 510
2943 510
2943 510
2943 510
2943 510
2943 510
2943 510
2943 510
2943 510
2943 510
2943 510
2943 510
2943 510
2943 510
2943 510
2943 510
2943 510
2943 510
2943 510
2943 510
2943 510
2943 510
2943 510
2943 510
2943 510
2943 510
2943 510
2943 510
2943 510
2943 510
2943 510
2943 510
2943 510
2943 510
2943 510
2943 510
2943 510
2943 510
2943 510
2943 510
2943 510
2943 510
2943 510
2943 510
2943 510
2943 510
2943 510
2943 510
2943 510
2943 510
2943 510
2943 510
2943 510
2943 510
2943 510
2943 510
2943 510
2943 510
2943 510
2943 510
2943 510
2943 510
2943 510
2943 510
2943 510
2943 510
2943 510
2943 510
2943 510
2943 510
2943 510
2943 510
2943 510
2943 510
2943 510
2943 510
2943 510
2943 510
2943 510
2943 510
2943 510
2943 510
2943 510
2943 510
2943 510
2943 510
2943 510
2943 510
2943 510
2943 510
2943 510
2944 500
2944 500
2944 510
2944 510
2944 510
2944 510
2944 510
2944 510
2944 510
2944 510
2944 510
2944 510
2944 510
2944 510
2944 510
2944 510
2944 510
2944 510
2944 510
2944 510
2944 510
2944 510
2944 510
2944 510
2944 510
2944 510
2944 510
2944 510
2944 510
2944 510
2944 510
2944 510
2944 510
2944 510
2944 510
2944 510
2944 510
2944 510
2944 510
2944 510
2944 510
2944 510
2944 510
2944 510
2944 510
2944 510
2944 510
2944 510
2944 510
2944 510
2944 510
2944 510
2944 510
2944 510
2944 510
2944 510
2944 510
2944 510
2944 510
2944 510
2944 510
2944 510
2944 510
2944 510
2944 510
2944 510
2944 510
2944 510
2944 510
2944 510
2944 510
2944 510
2944 510
2944 510
2944 510
2944 510
2944 510
2944 510
2944 510
2944 510
2944 510
2944 510
2944 510
2944 510
2944 510
2944 510
2944 510
2944 510
2944 510
2944 510
2944 510
2944 510
2944 510
2944 510
2944 510
2944 510
2944 510
2944 510
2944 510
2944 510
2944 510
2944 510
2944 510
2944 510
2944 510
2944 510
2944 510
2944 510
2944 510
2944 510
2944 510
2944 510
2944 510
2944 510
2944 510
2944 510
2944 510
2944 510
2944 510
2944 510
2944 510
2944 510
2944 510
2944 510
2945 500
2945 500
2945 505
2945 505
2945 504
2945 790
2945 825
2945 954
2945 1455
2946 505
2946 500
2946 500
2946 716
2946 790
2946 825
2947 500
2947 510
2947 510
2947 510
2947 510
2947 510
2947 510
2947 510
2947 510
2947 510
2947 510
2947 510
2947 510
2947 510
2947 510
2947 510
2947 510
2947 510
2947 510
2947 510
2947 510
2947 510
2947 510
2947 510
2947 510
2947 510
2947 510
2947 510
2947 510
2947 510
2947 510
2947 510
2947 510
2947 510
2947 510
2947 510
2947 510
2947 510
2947 510
2947 510
2947 510
2947 510
2947 510
2947 510
2947 510
2947 510
2947 510
2947 510
2947 510
2947 510
2947 510
2947 510
2947 510
2947 510
2947 510
2947 510
2947 510
2947 510
2947 510
2947 510
2947 510
2947 510
2947 510
2947 510
2947 510
2947 510
2947 510
2947 510
2947 510
2947 510
2947 510
2947 510
2947 510
2947 510
2947 510
2947 510
2947 510
2947 510
2947 510
2947 510
2947 510
2947 510
2947 510
2947 510
2947 510
2947 510
2947 510
2947 510
2947 510
2947 510
2947 510
2947 510
2947 510
2947 510
2947 510
2947 510
2947 510
2947 510
2947 510
2947 510
2947 510
2947 510
2947 510
2947 510
2947 510
2947 510
2947 510
2947 510
2947 510
2947 510
2947 510
2947 510
2947 510
2947 510
2947 510
2947 510
2947 510
2947 510
2947 510
2947 510
2947 510
2947 510
2947 510
2948 508
2948 790
2948 825
2948 500
2948 954
2949 500
2949 510
2949 510
2949 510
2949 510
2949 510
2949 510
2949 510
2949 510
2949 510
2949 510
2949 510
2949 510
2949 510
2949 510
2949 510
2949 510
2949 510
2949 510
2949 510
2949 510
2949 510
2949 510
2949 510
2949 510
2949 510
2949 510
2949 510
2949 510
2949 510
2949 510
2949 510
2949 510
2949 510
2949 510
2949 510
2949 510
2949 510
2949 510
2949 510
2949 510
2949 510
2949 510
2949 510
2949 510
2949 510
2949 510
2949 510
2949 510
2949 510
2949 510
2949 510
2949 510
2949 510
2949 510
2949 510
2949 510
2949 510
2949 510
2949 510
2949 510
2949 510
2949 510
2949 510
2949 510
2949 510
2949 510
2949 510
2949 510
2949 510
2949 510
2949 510
2949 510
2949 510
2949 510
2949 510
2949 510
2949 510
2949 510
2949 510
2949 510
2949 510
2949 510
2949 510
2949 510
2949 510
2949 510
2949 510
2949 510
2949 510
2949 510
2949 510
2949 510
2949 510
2949 510
2949 510
2949 510
2949 510
2949 510
2949 510
2949 510
2949 510
2949 510
2949 510
2949 510
2949 510
2949 510
2949 510
2949 510
2949 510
2949 510
2949 510
2949 510
2949 510
2949 510
2949 510
2949 510
2949 510
2949 510
2949 510
2949 510
2949 510
2949 510
2950 937
2950 1180
2950 1112
2950 997
2950 1115
2950 694
2950 1139
2950 501
2950 594
2950 1442
2950 617
2951 1105
2951 1126
2951 796
2951 501
2951 862
2951 82
2952 758
2952 1022
2952 1152
2952 1143
2952 501
2952 677
2952 1392
2952 1348
2952 491
2952 1107
2953 575
2953 576
2953 579
2953 783
2953 1061
2953 502
2954 790
2954 794
2954 505
2954 1195
2955 696
2955 285
2955 509
2955 762
2956 592
2956 846
2956 871
2956 1297
2956 834
2956 509
2956 1221
2956 1222
2957 790
2957 954
2957 510
2957 510
2957 510
2957 510
2957 510
2957 510
2957 510
2957 510
2957 510
2957 510
2957 510
2957 510
2957 510
2957 510
2957 510
2957 510
2957 510
2957 510
2957 510
2957 510
2957 510
2957 510
2957 510
2957 510
2957 510
2957 510
2957 510
2957 510
2957 510
2957 510
2957 510
2957 510
2957 510
2957 510
2957 510
2957 510
2957 510
2957 510
2957 510
2957 510
2957 510
2957 510
2957 510
2957 510
2957 510
2957 510
2957 510
2957 510
2957 510
2957 510
2957 510
2957 510
2957 510
2957 510
2957 510
2957 510
2957 510
2957 510
2957 510
2957 510
2957 510
2957 510
2957 510
2957 510
2957 510
2957 510
2957 510
2957 510
2957 510
2957 510
2957 510
2957 510
2957 510
2957 510
2957 510
2957 510
2957 510
2957 510
2957 510
2957 510
2957 510
2957 510
2957 510
2957 510
2957 510
2957 510
2957 510
2957 510
2957 510
2957 510
2957 510
2957 510
2957 510
2957 510
2957 510
2957 510
2957 510
2957 510
2957 510
2957 510
2957 510
2957 510
2957 510
2957 510
2957 510
2957 510
2957 510
2957 510
2957 510
2957 510
2957 510
2957 510
2957 510
2957 510
2957 510
2957 510
2957 510
2957 510
2957 510
2957 510
2957 510
2957 500
2957 510
2958 516
2958 630
2958 630
2958 630
2958 630
2958 676
2958 676
2958 676
2958 676
2959 932
2959 1243
2959 742
2959 770
2959 1453
2959 1346
2959 751
2959 517
2959 350
2959 1158
2959 1159
2959 852
2960 1355
2960 517
2960 765
2960 981
2960 1039
2960 1043
2961 1063
2961 684
2961 1292
2961 1458
2961 1054
2961 943
2961 548
2961 517
2961 1155
2961 897
2962 818
2962 761
2962 862
2962 1184
2962 853
2962 517
2962 1407
2962 917
2963 1207
2963 1248
2963 854
2963 1256
2963 517
2963 1113
2963 1380
2963 1080
2963 852
2963 82
2964 517
2964 1113
2964 987
2964 1407
2964 1409
2965 1109
2965 996
2965 519
2965 1435
2965 1100
2965 883
2965 882
2965 1347
2965 517
2965 1355
2965 1404
2965 820
2965 718
2965 632
2966 545
2966 539
2966 1068
2966 677
2966 1327
2966 842
2966 1280
2966 1439
2966 1444
2966 517
2966 585
2966 139
2967 1422
2967 1355
2967 1464
2967 853
2967 517
2967 1120
2967 1457
2967 495
2967 1045
2967 520
2967 1080
2967 549
2967 970
2967 528
2968 686
2968 1014
2968 517
2968 882
2968 1347
2968 1043
2968 1113
2968 585
2968 1113
2968 1453
2968 898
2968 847
2969 1358
2969 1373
2969 680
2969 941
2969 1325
2969 518
2970 761
2970 626
2970 1209
2970 1354
2970 518
2971 985
2971 758
2971 1169
2971 520
2971 718
2972 810
2972 863
2972 1389
2972 1186
2972 520
2972 523
2973 1065
2973 1047
2973 957
2973 1316
2973 1458
2973 721
2973 1081
2973 1113
2973 987
2973 520
2973 1273
2973 1407
2974 660
2974 1084
2974 612
2974 613
2974 678
2974 798
2974 1163
2974 1370
2974 1374
2974 683
2974 554
2974 883
2974 1039
2974 853
2974 974
2974 585
2974 987
2974 1113
2974 1187
2974 520
2974 462
2975 524
2975 857
2975 239
2975 670
2975 878
2976 540
2976 544
2976 697
2976 526
2977 526
2977 630
2977 676
2977 1230
2977 587
2977 608
2978 1068
2978 903
2978 1169
2978 613
2978 618
2978 943
2978 1460
2978 1263
2978 1457
2978 1045
2978 1053
2978 718
2978 1080
2978 528
2978 1407
2978 917
2978 1408
2978 1379
2979 941
2979 944
2979 942
2979 585
2979 820
2979 799
2979 852
2979 528
2979 1272
2980 1207
2980 1248
2980 1191
2980 928
2980 943
2980 1263
2980 970
2980 528
2981 1226
2981 833
2981 528
2981 747
2981 1238
2981 1293
2982 528
2982 822
2982 1379
2982 1111
2982 1404
2983 732
2983 833
2983 862
2983 528
2983 1272
2984 528
2984 528
2984 528
2984 862
2984 1162
2985 528
2985 528
2985 528
2985 983
2985 944
2985 1379
2986 674
2986 528
2986 1154
2986 528
2986 1096
2986 1102
2987 528
2987 1021
2987 862
2987 732
2987 970
2988 529
2988 734
2988 1131
2988 1415
2988 86
2989 630
2989 630
2989 676
2989 676
2989 530
2990 735
2990 530
2990 1000
2990 1192
2990 1360
2990 613
2991 531
2991 717
2991 758
2991 1078
2991 1417
2992 1414
2992 1100
2992 532
2992 1257
2992 351
2992 347
2992 585
2992 1099
2992 1273
2992 1409
2993 802
2993 533
2993 791
2993 792
2993 793
2994 533
2994 630
2994 676
2994 630
2994 676
2995 630
2995 676
2995 533
2995 832
2996 703
2996 536
2996 819
2996 924
2996 1126
2996 1232
2996 950
2996 767
2996 981
2996 945
2996 548
2996 1263
2996 1291
2997 536
2997 896
2997 1017
2997 861
2997 1023
2997 818
2997 1126
2998 536
2998 1132
2998 844
2998 1128
2998 816
2998 1314
2998 1300
2998 1382
2998 1372
2998 842
2998 1113
2998 1275
2999 906
2999 543
2999 690
2999 565
2999 537
2999 1273
3000 1016
3000 539
3000 537
3000 731
3000 538
3000 1150
3000 1096
3000 540
3001 537
3001 544
3001 545
3001 697
3001 860
3001 658
3002 537
3002 690
3002 544
3002 658
3002 544
3002 403
3003 658
3003 543
3003 965
3003 538
3003 668
3003 1423
3004 539
3004 697
3004 1096
3004 547
3004 690
3004 905
3004 1104
3004 1280
3005 539
3005 697
3005 1102
3005 540
3005 1104
3006 543
3006 1150
3006 539
3006 546
3006 1046
3007 630
3007 630
3007 676
3007 676
3007 630
3007 676
3007 539
3008 539
3008 690
3008 1103
3008 1104
3008 1221
3008 1460
3009 545
3009 546
3009 658
3009 1046
3009 540
3010 561
3010 546
3010 1046
3010 544
3010 731
3010 697
3010 545
3010 539
3011 765
3011 616
3011 855
3011 1096
3011 1102
3011 539
3011 542
3011 545
3011 1096
3011 1297
3012 587
3012 886
3012 890
3012 888
3012 542
3013 545
3013 546
3013 1046
3013 542
3013 1085
3014 539
3014 546
3014 658
3014 1046
3014 860
3015 698
3015 1157
3015 832
3015 1178
3015 542
3015 1150
3016 698
3016 542
3016 545
3016 546
3016 1046
3016 1104
3016 1102
3016 1103
3017 542
3017 544
3017 546
3017 658
3017 1046
3018 543
3018 547
3018 1103
3018 1104
3018 1150
3019 545
3019 546
3019 690
3019 1046
3019 697
3020 543
3020 689
3020 860
3020 1154
3020 544
3021 544
3021 545
3021 546
3021 906
3021 1046
3022 545
3022 546
3022 905
3022 906
3022 1046
3023 658
3023 656
3023 868
3023 546
3023 1046
3023 545
3024 545
3024 546
3024 546
3024 1046
3024 1046
3025 545
3025 545
3025 545
3025 546
3025 1046
3026 545
3026 545
3026 545
3026 546
3026 546
3026 1046
3026 1046
3027 544
3027 690
3027 905
3027 544
3027 987
3028 545
3028 546
3028 1046
3028 587
3028 587
3028 664
3028 886
3029 895
3029 581
3029 1332
3029 1239
3029 548
3030 862
3030 1184
3030 862
3030 1162
3030 1353
3030 1077
3030 1161
3030 548
3030 1262
3031 1190
3031 977
3031 1421
3031 1161
3031 1354
3031 548
3031 1384
3032 945
3032 944
3032 835
3032 1161
3032 548
3032 836
3032 585
3032 1113
3032 1020
3032 898
3032 1107
3032 1168
3032 1366
3033 1190
3033 1312
3033 1277
3033 815
3033 1413
3033 603
3033 853
3033 548
3033 1219
3033 1439
3034 836
3034 1123
3034 1133
3034 549
3034 1272
3034 1409
3035 550
3035 749
3035 1131
3035 1279
3035 1308
3036 708
3036 551
3036 663
3036 908
3036 1001
3036 1091
3037 708
3037 551
3037 1070
3037 814
3037 816
3037 1245
3038 550
3038 841
3038 933
3038 1131
3038 1304
3038 606
3039 550
3039 595
3039 747
3039 865
3039 749
3039 1033
3040 924
3040 984
3040 1205
3040 1299
3040 1400
3040 1274
3040 552
3040 1032
3040 1438
3040 1406
3040 942
3040 987
3040 1113
3040 1384
3041 675
3041 714
3041 704
3041 696
3041 1094
3041 725
3041 1024
3041 840
3041 904
3041 1336
3041 552
3041 853
3041 1325
3041 1120
3041 1461
3041 964
3041 1323
3042 677
3042 719
3042 554
3042 1354
3042 1113
3043 1058
3043 1108
3043 1467
3043 1443
3043 1438
3043 1453
3043 1450
3043 1452
3043 554
3043 983
3043 1442
3043 1154
3043 987
3043 1309
3044 555
3044 1057
3044 601
3044 693
3044 1360
3045 715
3045 670
3045 692
3045 556
3045 674
3046 1084
3046 557
3046 1400
3046 1274
3046 1098
3046 931
3046 1448
3047 703
3047 819
3047 1011
3047 1067
3047 1232
3047 1192
3047 557
3047 1371
3047 751
3048 717
3048 696
3048 930
3048 663
3048 984
3048 1074
3048 1169
3048 1051
3048 691
3048 1246
3048 684
3048 866
3048 562
3048 1202
3048 612
3048 1192
3048 1171
3048 1311
3048 964
3048 1370
3048 1398
3048 1468
3048 969
3048 976
3048 1395
3048 853
3048 1253
3048 1457
3049 562
3049 1313
3049 1165
3049 1453
3049 1350
3050 929
3050 932
3050 562
3050 1151
3050 1442
3051 562
3051 1143
3051 1224
3051 1458
3051 1383
3051 594
3051 751
3052 787
3052 830
3052 1214
3052 562
3052 1301
3052 826
3052 1060
3053 884
3053 774
3053 896
3053 1051
3053 1126
3053 562
3053 686
3053 907
3053 1301
3053 797
3053 1412
3053 1195
3053 1158
3053 1417
3053 854
3053 993
3053 1296
3053 1429
3053 1318
3053 1147
3053 972
3053 1428
3053 1154
3053 1280
3053 1188
3053 680
3054 744
3054 963
3054 818
3054 562
3054 1434
3054 987
3054 1272
3054 1381
3055 831
3055 561
3055 990
3055 720
3055 762
3056 653
3056 563
3056 590
3056 337
3056 772
3056 506
3057 1037
3057 1039
3057 1239
3057 564
3057 836
3057 1113
3057 1262
3057 1456
3058 1019
3058 942
3058 1039
3058 1388
3058 564
3059 630
3059 630
3059 676
3059 676
3059 567
3059 587
3059 587
3059 587
3059 587
3059 886
3059 886
3059 890
3059 973
3060 1005
3060 569
3060 568
3060 718
3060 862
3060 1162
3061 841
3061 568
3061 577
3061 1111
3061 1278
3062 1057
3062 1411
3062 568
3062 1336
3062 826
3062 945
3062 1256
3063 578
3063 763
3063 570
3063 1289
3063 885
3064 573
3064 575
3064 766
3064 974
3064 1224
3064 1247
3064 848
3065 630
3065 630
3065 676
3065 676
3065 575
3065 630
3065 676
3066 573
3066 819
3066 861
3066 1023
3066 1134
3066 1169
3066 1182
3066 1302
3066 1292
3066 751
3066 1044
3066 1310
3066 1234
3066 1322
3066 767
3067 575
3067 634
3067 640
3067 1110
3068 868
3068 578
3068 668
3068 846
3069 580
3069 581
3069 974
3069 1386
3069 700
3069 1158
3069 800
3069 820
3069 862
3069 1463
3070 994
3070 581
3070 1067
3070 958
3070 796
3070 1391
3070 1015
3070 1253
3071 936
3071 984
3071 581
3071 1032
3071 1450
3071 826
3071 944
3071 1321
3071 987
3071 1113
3071 852
3071 1060
3072 924
3072 581
3072 1086
3072 1125
3072 1265
3072 1333
3072 1349
3073 1106
3073 582
3073 1090
3073 816
3073 981
3073 1384
3074 1058
3074 582
3074 726
3074 1125
3074 1191
3074 766
3074 1177
3074 988
3074 800
3074 1272
3075 582
3075 1063
3075 1145
3075 1332
3075 1374
3075 157
3076 582
3076 1066
3076 1205
3076 932
3076 1155
3077 588
3077 616
3077 1135
3077 584
3077 1056
3077 1025
3078 1253
3078 853
3078 974
3078 1113
3078 585
3079 818
3079 1386
3079 1326
3079 1099
3079 585
3079 669
3079 1381
3080 818
3080 1241
3080 1284
3080 1285
3080 1459
3080 1413
3080 942
3080 1038
3080 585
3080 585
3081 1132
3081 691
3081 110
3081 1000
3081 1082
3081 1052
3081 613
3081 1395
3081 1032
3081 1274
3081 1392
3081 1453
3081 1454
3081 519
3081 585
3081 1376
3081 1043
3081 1408
3082 1312
3082 721
3082 1188
3082 585
3082 847
3083 895
3083 1071
3083 1226
3083 1371
3083 969
3083 1439
3083 585
3083 959
3083 900
3084 1269
3084 870
3084 585
3084 1043
3084 987
3084 1364
3085 1405
3085 863
3085 585
3085 1376
3085 1043
3085 1085
3085 1407
3085 1409
3086 1180
3086 942
3086 585
3086 1043
3086 1045
3086 1329
3086 1324
3086 1323
3087 1296
3087 1295
3087 853
3087 585
3087 1113
3087 852
3088 1281
3088 1224
3088 1369
3088 922
3088 1396
3088 585
3088 987
3088 1120
3089 1065
3089 1068
3089 879
3089 613
3089 953
3089 995
3089 1266
3089 892
3089 1406
3089 585
3089 987
3089 1376
3089 1344
3089 1053
3089 1380
3089 713
3089 811
3090 630
3090 676
3090 775
3090 587
3090 587
3090 886
3090 587
3091 630
3091 630
3091 676
3091 676
3091 587
3092 630
3092 676
3092 685
3092 630
3092 676
3092 587
3092 827
3093 886
3093 664
3093 611
3093 587
3093 587
3094 587
3094 587
3094 630
3094 676
3094 587
3094 630
3094 630
3094 676
3094 676
3094 775
3094 781
3094 1403
3095 587
3095 587
3095 587
3095 587
3095 587
3096 587
3096 587
3096 587
3096 587
3096 889
3097 587
3097 630
3097 630
3097 630
3097 630
3097 630
3097 676
3097 676
3097 676
3097 676
3097 676
3097 1030
3097 630
3097 676
3098 587
3098 587
3098 587
3098 587
3098 587
3098 886
3098 1204
3098 587
3099 975
3099 587
3099 1402
3099 1454
3099 886
3100 587
3100 886
3100 899
3100 587
3100 899
3100 587
3100 889
3101 587
3101 587
3101 587
3101 587
3101 587
3101 887
3101 886
3101 587
3101 587
3101 889
3101 587
3101 587
3101 587
3101 587
3101 587
3101 886
3101 587
3101 587
3101 587
3101 587
3102 587
3102 587
3102 587
3102 587
3102 886
3102 587
3102 587
3103 693
3103 587
3103 611
3103 630
3103 630
3103 676
3103 676
3103 899
3103 933
3103 1251
3104 664
3104 899
3104 587
3104 888
3104 886
3104 587
3104 587
3104 587
3104 587
3104 587
3104 587
3104 587
3105 1030
3105 630
3105 676
3105 1087
3105 630
3105 676
3105 587
3106 587
3106 587
3106 587
3106 587
3106 587
3106 888
3107 587
3107 587
3107 630
3107 676
3107 654
3108 630
3108 676
3108 587
3108 587
3108 1172
3109 587
3109 587
3109 587
3109 587
3109 587
3109 587
3109 587
3109 587
3109 587
3109 587
3110 587
3110 630
3110 630
3110 630
3110 630
3110 676
3110 676
3110 676
3110 676
3110 675
3111 587
3111 587
3111 630
3111 630
3111 676
3111 676
3112 587
3112 587
3112 587
3112 587
3112 886
3113 630
3113 675
3113 676
3113 775
3113 832
3113 587
3113 587
3114 587
3114 587
3114 886
3114 587
3114 587
3114 587
3114 648
3115 775
3115 630
3115 676
3115 671
3115 587
3116 630
3116 630
3116 676
3116 676
3116 587
3116 587
3116 587
3116 587
3116 587
3116 587
3116 587
3116 630
3116 664
3116 676
3116 724
3116 887
3117 587
3117 587
3117 587
3117 587
3117 887
3117 886
3118 587
3118 889
3118 587
3118 886
3118 587
3118 587
3119 630
3119 676
3119 630
3119 676
3119 587
3120 587
3120 886
3120 587
3120 587
3120 587
3120 587
3121 587
3121 587
3121 587
3121 587
3121 587
3121 587
3121 664
3121 886
3122 886
3122 587
3122 587
3122 886
3122 587
3122 587
3123 630
3123 676
3123 587
3123 724
3123 886
3123 673
3124 886
3124 587
3124 886
3124 587
3124 587
3125 587
3125 587
3125 887
3125 886
3125 886
3126 886
3126 587
3126 587
3126 587
3126 888
3126 587
3126 587
3126 587
3127 634
3127 738
3127 1034
3127 1356
3127 587
3127 587
3127 640
3127 886
3127 890
3127 587
3128 587
3128 630
3128 676
3128 888
3128 1030
3128 889
3129 587
3129 890
3129 587
3129 868
3129 1024
3130 587
3130 587
3130 654
3130 654
3130 1255
3130 1045
3130 1456
3131 587
3131 587
3131 587
3131 587
3131 886
3132 587
3132 587
3132 886
3132 688
3132 1237
3133 887
3133 886
3133 587
3133 587
3133 587
3134 587
3134 587
3134 587
3134 886
3134 587
3134 587
3135 587
3135 587
3135 587
3135 587
3135 899
3136 587
3136 587
3136 587
3136 587
3136 888
3137 587
3137 587
3137 587
3137 587
3137 886
3138 630
3138 676
3138 587
3138 899
3138 827
3139 587
3139 587
3139 587
3139 886
3139 630
3139 676
3140 587
3140 888
3140 827
3140 886
3140 630
3140 676
3140 587
3141 587
3141 587
3141 887
3141 886
3141 889
3141 888
3141 886
3142 588
3142 971
3142 966
3142 970
3142 1375
3143 588
3143 630
3143 630
3143 676
3143 676
3144 768
3144 1290
3144 594
3144 742
3145 774
3145 969
3145 1362
3145 594
3145 943
3145 1249
3145 1253
3145 1053
3145 1189
3146 594
3146 1082
3146 734
3146 881
3146 1377
3146 1424
3147 928
3147 1052
3147 594
3147 638
3147 727
3148 668
3148 594
3148 1433
3148 731
3148 435
3148 1261
3149 657
3149 747
3149 933
3149 1033
3149 595
3150 595
3150 630
3150 676
3150 630
3150 630
3150 676
3150 676
3151 1368
3151 1372
3151 1333
3151 1432
3151 598
3151 1408
3152 1022
3152 1063
3152 1170
3152 1115
3152 830
3152 1032
3152 977
3152 1394
3152 1351
3152 1440
3152 942
3152 835
3152 1305
3152 598
3153 937
3153 1024
3153 756
3153 598
3153 1408
3154 1076
3154 1132
3154 1142
3154 1169
3154 599
3154 1171
3155 599
3155 805
3155 935
3155 697
3155 731
3155 711
3156 600
3156 1038
3156 700
3156 882
3156 1347
3156 1448
3156 914
3156 1340
3156 1379
3157 600
3157 985
3157 1208
3157 1071
3157 1277
3157 1355
3157 1242
3158 754
3158 832
3158 1140
3158 601
3158 1025
3158 1402
3159 708
3159 734
3159 1066
3159 1184
3159 866
3159 1310
3159 1198
3159 602
3159 1298
3159 1360
3159 1054
3160 1191
3160 677
3160 602
3160 1336
3160 1349
3161 472
3161 1070
3161 1299
3161 602
3161 904
3161 1369
3161 1351
3161 642
3161 473
3162 1019
3162 856
3162 1169
3162 602
3162 1336
3162 1054
3162 683
3162 1325
3162 1376
3163 684
3163 602
3163 1361
3163 1383
3163 873
3164 603
3164 849
3164 1052
3164 1191
3164 1108
3165 630
3165 676
3165 899
3165 935
3165 606
3166 1073
3166 1006
3166 1246
3166 1332
3166 1359
3166 1284
3166 1285
3166 1326
3166 1404
3166 987
3166 1117
3166 610
3166 1043
3166 1080
3167 610
3167 875
3167 947
3167 947
3167 947
3167 947
3167 947
3168 630
3168 676
3168 630
3168 676
3168 777
3168 611
3168 899
3168 1057
3168 1403
3169 899
3169 611
3169 630
3169 676
3169 1030
3170 630
3170 630
3170 676
3170 676
3170 611
3171 611
3171 630
3171 630
3171 676
3171 676
3172 612
3172 613
3172 1192
3172 1399
3172 853
3173 910
3173 757
3173 1068
3173 612
3173 800
3173 914
3174 787
3174 936
3174 1122
3174 613
3174 967
3174 1453
3175 1184
3175 1312
3175 613
3175 1263
3175 959
3176 884
3176 744
3176 1094
3176 613
3176 1198
3176 1247
3176 1330
3176 1259
3176 1380
3177 630
3177 630
3177 630
3177 676
3177 676
3177 676
3177 615
3178 1092
3178 1068
3178 892
3178 617
3178 642
3179 744
3179 1024
3179 812
3179 618
3179 1244
3179 830
3179 1322
3179 1392
3180 705
3180 1024
3180 619
3180 1252
3180 1325
3181 774
3181 621
3181 709
3181 934
3181 1368
3181 1339
3182 621
3182 1264
3182 1258
3182 836
3182 1409
3183 744
3183 621
3183 1422
3183 1043
3183 642
3183 1085
3184 634
3184 1110
3184 942
3184 623
3184 628
3185 1090
3185 955
3185 662
3185 1229
3185 624
3185 1143
3185 1298
3185 1113
3186 630
3186 676
3186 827
3186 1172
3186 1251
3186 1254
3187 1403
3187 665
3187 630
3187 676
3187 827
3187 1172
3188 630
3188 676
3188 671
3188 899
3188 1030
3189 630
3189 676
3189 827
3189 675
3189 1030
3189 1196
3189 1254
3190 630
3190 676
3190 65
3190 497
3190 498
3191 865
3191 789
3191 630
3191 676
3191 923
3192 630
3192 676
3192 747
3192 840
3192 899
3193 630
3193 630
3193 630
3193 676
3193 676
3193 676
3194 630
3194 630
3194 676
3194 676
3194 1403
3195 630
3195 630
3195 630
3195 630
3195 676
3195 676
3195 676
3195 676
3196 664
3196 630
3196 630
3196 676
3196 676
3197 630
3197 676
3197 630
3197 630
3197 676
3197 676
3198 630
3198 630
3198 664
3198 671
3198 676
3198 676
3198 827
3198 899
3199 630
3199 630
3199 630
3199 676
3199 676
3199 676
3200 630
3200 676
3200 630
3200 676
3200 630
3200 676
3201 630
3201 630
3201 630
3201 676
3201 676
3201 676
3201 1403
3202 630
3202 676
3202 630
3202 676
3202 630
3202 676
3203 630
3203 630
3203 630
3203 676
3203 676
3203 676
3204 827
3204 630
3204 676
3204 630
3204 676
3204 630
3204 630
3204 676
3204 676
3205 630
3205 630
3205 630
3205 676
3205 676
3205 676
3206 630
3206 676
3206 630
3206 676
3206 630
3206 630
3206 630
3206 676
3206 676
3206 676
3206 1030
3206 1031
3206 630
3206 676
3206 685
3207 630
3207 676
3207 1172
3207 630
3207 630
3207 676
3207 676
3208 630
3208 676
3208 630
3208 676
3208 1403
3209 630
3209 676
3209 777
3209 630
3209 676
3210 630
3210 630
3210 630
3210 676
3210 676
3210 676
3210 1031
3210 1087
3210 1172
3211 630
3211 630
3211 630
3211 676
3211 676
3211 676
3212 1026
3212 630
3212 676
3212 777
3212 630
3212 676
3213 630
3213 630
3213 676
3213 676
3213 630
3213 676
3214 630
3214 630
3214 664
3214 676
3214 676
3214 781
3214 630
3214 676
3214 630
3214 676
3215 675
3215 899
3215 1030
3215 630
3215 630
3215 630
3215 676
3215 676
3215 676
3215 672
3216 630
3216 630
3216 676
3216 676
3216 685
3217 630
3217 630
3217 676
3217 676
3217 899
3217 630
3217 676
3218 630
3218 676
3218 1172
3218 630
3218 630
3218 676
3218 676
3219 630
3219 630
3219 676
3219 676
3219 1172
3220 672
3220 630
3220 676
3220 630
3220 676
3220 630
3220 676
3220 630
3220 676
3220 1030
3221 630
3221 676
3221 630
3221 630
3221 676
3221 676
3221 673
3222 630
3222 630
3222 676
3222 676
3222 630
3222 676
3223 630
3223 676
3223 630
3223 630
3223 676
3223 676
3223 630
3223 676
3223 630
3223 676
3224 630
3224 630
3224 676
3224 676
3224 630
3224 630
3224 630
3224 676
3224 676
3224 676
3225 630
3225 630
3225 676
3225 676
3225 1178
3226 630
3226 630
3226 630
3226 676
3226 676
3226 676
3227 630
3227 664
3227 665
3227 676
3227 673
3228 630
3228 630
3228 630
3228 665
3228 676
3228 676
3228 676
3228 827
3229 630
3229 630
3229 630
3229 630
3229 630
3229 676
3229 676
3229 676
3229 676
3229 676
3229 777
3230 630
3230 630
3230 630
3230 630
3230 630
3230 676
3230 676
3230 676
3230 676
3230 676
3231 630
3231 630
3231 630
3231 676
3231 676
3231 676
3232 630
3232 676
3232 630
3232 676
3232 630
3232 676
3233 630
3233 630
3233 630
3233 676
3233 676
3233 676
3233 899
3234 992
3234 630
3234 664
3234 676
3234 899
3235 975
3235 630
3235 630
3235 676
3235 676
3236 630
3236 676
3236 630
3236 676
3236 630
3236 676
3237 630
3237 630
3237 676
3237 676
3237 777
3237 630
3237 676
3238 630
3238 676
3238 1030
3238 630
3238 676
3239 630
3239 630
3239 676
3239 676
3239 1163
3240 899
3240 630
3240 630
3240 672
3240 676
3240 676
3241 630
3241 676
3241 630
3241 673
3241 676
3241 630
3241 676
3241 630
3241 630
3241 676
3241 676
3242 630
3242 630
3242 676
3242 676
3242 1031
3243 630
3243 630
3243 664
3243 676
3243 676
3244 899
3244 630
3244 630
3244 630
3244 676
3244 676
3244 676
3245 630
3245 673
3245 676
3245 630
3245 676
3245 630
3245 676
3245 1030
3245 1196
3246 630
3246 676
3246 630
3246 676
3246 1031
3247 630
3247 630
3247 676
3247 676
3247 630
3247 676
3248 630
3248 676
3248 630
3248 676
3248 1030
3249 630
3249 630
3249 630
3249 630
3249 630
3249 630
3249 630
3249 630
3249 630
3249 676
3249 676
3249 676
3249 676
3249 676
3249 676
3249 676
3249 676
3249 676
3249 899
3249 1251
3250 630
3250 630
3250 676
3250 676
3250 630
3250 676
3250 630
3250 676
3251 630
3251 630
3251 676
3251 676
3251 1172
3252 630
3252 676
3252 630
3252 630
3252 676
3252 676
3253 630
3253 630
3253 630
3253 630
3253 676
3253 676
3253 676
3253 676
3253 1026
3254 630
3254 630
3254 630
3254 676
3254 676
3254 676
3255 630
3255 676
3255 630
3255 676
3255 630
3255 676
3255 1004
3255 630
3255 630
3255 630
3255 630
3255 630
3255 676
3255 676
3255 676
3255 676
3255 676
3256 724
3256 630
3256 664
3256 676
3256 724
3256 630
3256 676
3256 630
3256 676
3256 630
3256 676
3256 777
3256 827
3256 665
3256 587
3257 1030
3257 630
3257 630
3257 676
3257 676
3258 630
3258 630
3258 671
3258 676
3258 676
3258 1087
3259 630
3259 630
3259 676
3259 676
3259 630
3259 676
3260 630
3260 630
3260 676
3260 676
3260 899
3260 1030
3260 992
3260 630
3260 676
3261 630
3261 630
3261 630
3261 676
3261 676
3261 676
3262 630
3262 630
3262 630
3262 676
3262 676
3262 676
3263 630
3263 630
3263 676
3263 676
3263 827
3264 630
3264 630
3264 630
3264 676
3264 676
3264 676
3265 630
3265 676
3265 630
3265 630
3265 676
3265 676
3266 630
3266 630
3266 630
3266 676
3266 676
3266 676
3267 827
3267 630
3267 630
3267 630
3267 630
3267 630
3267 630
3267 676
3267 676
3267 676
3267 676
3267 676
3267 676
3267 775
3267 777
3268 630
3268 630
3268 676
3268 676
3268 827
3268 630
3268 676
3269 630
3269 664
3269 676
3269 899
3269 1030
3270 630
3270 630
3270 676
3270 676
3270 775
3270 1030
3271 630
3271 630
3271 676
3271 676
3271 827
3272 630
3272 630
3272 676
3272 676
3272 630
3272 676
3273 630
3273 630
3273 676
3273 676
3273 1031
3273 630
3273 630
3273 676
3273 676
3273 1196
3274 685
3274 630
3274 630
3274 676
3274 676
3275 630
3275 676
3275 630
3275 676
3275 923
3275 630
3275 630
3275 676
3275 676
3275 827
3275 630
3275 630
3275 676
3275 676
3275 775
3276 630
3276 630
3276 676
3276 676
3276 1087
3277 630
3277 630
3277 630
3277 630
3277 676
3277 676
3277 676
3277 676
3278 630
3278 676
3278 630
3278 676
3278 1157
3279 630
3279 630
3279 630
3279 676
3279 676
3279 676
3280 630
3280 630
3280 630
3280 676
3280 676
3280 676
3280 630
3280 630
3280 630
3280 630
3280 676
3280 676
3280 676
3280 676
3280 724
3280 1030
3280 775
3281 630
3281 630
3281 676
3281 676
3281 923
3282 1026
3282 630
3282 676
3282 721
3282 782
3283 630
3283 630
3283 630
3283 676
3283 676
3283 676
3284 630
3284 630
3284 630
3284 676
3284 676
3284 676
3285 630
3285 630
3285 630
3285 676
3285 676
3285 676
3286 630
3286 676
3286 630
3286 630
3286 676
3286 676
3286 699
3286 1030
3287 630
3287 630
3287 630
3287 675
3287 676
3287 676
3287 676
3287 775
3288 630
3288 630
3288 672
3288 676
3288 676
3288 630
3288 676
3289 664
3289 630
3289 630
3289 676
3289 676
3290 630
3290 630
3290 676
3290 676
3290 1031
3290 1087
3291 630
3291 676
3291 630
3291 676
3291 685
3292 630
3292 630
3292 630
3292 630
3292 630
3292 676
3292 676
3292 676
3292 676
3292 676
3292 781
3293 630
3293 630
3293 630
3293 630
3293 676
3293 676
3293 676
3293 676
3294 630
3294 630
3294 664
3294 676
3294 676
3295 630
3295 630
3295 676
3295 676
3295 992
3296 630
3296 630
3296 630
3296 673
3296 676
3296 676
3296 676
3296 826
3297 630
3297 676
3297 992
3297 1030
3297 1031
3298 630
3298 630
3298 630
3298 630
3298 676
3298 676
3298 676
3298 676
3299 630
3299 630
3299 630
3299 676
3299 676
3299 676
3300 630
3300 630
3300 630
3300 676
3300 676
3300 676
3301 630
3301 676
3301 1030
3301 1031
3301 664
3302 630
3302 630
3302 630
3302 630
3302 676
3302 676
3302 676
3302 676
3303 630
3303 676
3303 630
3303 630
3303 676
3303 676
3304 630
3304 630
3304 630
3304 630
3304 630
3304 630
3304 676
3304 676
3304 676
3304 676
3304 676
3304 676
3305 630
3305 630
3305 676
3305 676
3305 827
3306 630
3306 664
3306 676
3306 630
3306 664
3306 676
3307 630
3307 664
3307 675
3307 676
3307 899
3308 630
3308 630
3308 676
3308 676
3308 685
3309 630
3309 676
3309 630
3309 676
3309 992
3310 630
3310 664
3310 676
3310 630
3310 676
3311 630
3311 676
3311 664
3311 630
3311 676
3311 630
3311 630
3311 630
3311 676
3311 676
3311 676
3311 782
3311 1031
3312 630
3312 664
3312 676
3312 630
3312 676
3312 777
3312 630
3312 676
3312 992
3313 630
3313 676
3313 630
3313 630
3313 630
3313 673
3313 676
3313 676
3313 676
3313 685
3314 630
3314 676
3314 630
3314 676
3314 664
3314 630
3314 676
3315 630
3315 630
3315 630
3315 676
3315 676
3315 676
3316 630
3316 630
3316 664
3316 676
3316 676
3317 630
3317 676
3317 630
3317 630
3317 676
3317 676
3318 630
3318 630
3318 676
3318 676
3318 630
3318 676
3319 630
3319 676
3319 630
3319 676
3319 630
3319 676
3319 724
3320 630
3320 630
3320 630
3320 630
3320 664
3320 676
3320 676
3320 676
3320 676
3321 665
3321 724
3321 630
3321 676
3321 923
3322 675
3322 630
3322 630
3322 676
3322 676
3322 724
3322 630
3322 676
3323 630
3323 676
3323 630
3323 676
3323 827
3323 630
3323 676
3323 630
3323 676
3323 775
3324 630
3324 630
3324 630
3324 676
3324 676
3324 676
3325 630
3325 630
3325 630
3325 676
3325 676
3325 676
3325 777
3325 630
3325 676
3325 630
3325 665
3325 676
3325 630
3325 630
3325 676
3325 676
3325 923
3326 630
3326 676
3326 630
3326 676
3326 630
3326 676
3327 630
3327 630
3327 630
3327 630
3327 630
3327 630
3327 630
3327 630
3327 630
3327 630
3327 672
3327 676
3327 676
3327 676
3327 676
3327 676
3327 676
3327 676
3327 676
3327 676
3327 676
3327 777
3328 630
3328 664
3328 676
3328 630
3328 664
3328 676
3328 630
3328 630
3328 676
3328 676
3329 630
3329 673
3329 676
3329 630
3329 676
3330 775
3330 777
3330 664
3330 630
3330 630
3330 630
3330 630
3330 676
3330 676
3330 676
3330 676
3331 630
3331 630
3331 676
3331 676
3331 630
3331 676
3331 630
3331 676
3331 822
3332 630
3332 630
3332 676
3332 676
3332 1087
3333 777
3333 630
3333 676
3333 630
3333 676
3334 630
3334 630
3334 630
3334 676
3334 676
3334 676
3335 630
3335 630
3335 676
3335 676
3335 630
3335 630
3335 676
3335 676
3335 1087
3336 630
3336 630
3336 630
3336 672
3336 673
3336 676
3336 676
3336 676
3337 775
3337 630
3337 676
3337 630
3337 630
3337 676
3337 676
3338 630
3338 676
3338 630
3338 630
3338 676
3338 676
3338 673
3338 775
3338 777
3338 630
3338 676
3338 630
3338 676
3338 630
3338 676
3339 630
3339 630
3339 676
3339 676
3339 630
3339 676
3339 672
3339 630
3339 676
3340 630
3340 630
3340 630
3340 676
3340 676
3340 676
3341 630
3341 676
3341 630
3341 630
3341 630
3341 630
3341 630
3341 676
3341 676
3341 676
3341 676
3341 676
3342 630
3342 676
3342 630
3342 676
3342 630
3342 676
3342 675
3342 630
3342 676
3342 992
3342 1030
3343 664
3343 630
3343 630
3343 630
3343 630
3343 630
3343 676
3343 676
3343 676
3343 676
3343 676
3344 630
3344 630
3344 676
3344 676
3344 777
3345 630
3345 630
3345 630
3345 676
3345 676
3345 676
3345 630
3345 665
3345 673
3345 676
3345 775
3345 777
3346 630
3346 630
3346 630
3346 630
3346 664
3346 672
3346 676
3346 676
3346 676
3346 676
3347 630
3347 630
3347 630
3347 630
3347 676
3347 676
3347 676
3347 676
3347 675
3348 630
3348 676
3348 630
3348 676
3348 827
3349 630
3349 630
3349 630
3349 630
3349 676
3349 676
3349 676
3349 676
3350 630
3350 630
3350 630
3350 630
3350 676
3350 676
3350 676
3350 676
3351 775
3351 630
3351 676
3351 630
3351 676
3351 777
3352 630
3352 676
3352 630
3352 676
3352 630
3352 676
3352 630
3352 676
3352 777
3352 630
3352 676
3353 630
3353 676
3353 630
3353 630
3353 630
3353 630
3353 630
3353 676
3353 676
3353 676
3353 676
3353 676
3353 724
3354 630
3354 665
3354 675
3354 676
3354 827
3355 630
3355 664
3355 665
3355 676
3355 827
3356 630
3356 665
3356 676
3356 724
3356 827
3357 630
3357 630
3357 676
3357 676
3357 782
3358 630
3358 630
3358 676
3358 676
3358 827
3358 1172
3359 630
3359 630
3359 630
3359 676
3359 676
3359 676
3360 862
3360 1162
3360 1021
3360 733
3360 631
3361 717
3361 1083
3361 816
3361 1282
3361 1274
3361 1429
3361 1424
3361 1038
3361 1376
3361 632
3361 897
3361 852
3361 549
3361 1366
3362 640
3362 1110
3362 633
3362 880
3362 1356
3363 640
3363 880
3363 633
3363 1110
3363 1189
3363 633
3364 634
3364 633
3364 880
3364 658
3364 633
3364 634
3365 633
3365 640
3365 875
3365 880
3365 847
3366 633
3366 1034
3366 1356
3366 640
3366 1110
3367 1110
3367 1356
3367 1034
3367 640
3367 640
3367 738
3368 1264
3368 1342
3368 853
3368 642
3368 1380
3369 818
3369 1180
3369 1125
3369 862
3369 1162
3369 1467
3369 1020
3369 642
3369 820
3369 1408
3370 1145
3370 1359
3370 1363
3370 1453
3370 1055
3370 642
3371 854
3371 1252
3371 1375
3371 987
3371 1331
3371 642
3372 651
3372 735
3372 1050
3373 830
3373 659
3373 1035
3373 691
3373 980
3373 1374
3373 1016
3374 660
3374 929
3374 1125
3374 1229
3374 1165
3374 1433
3374 835
3374 1424
3375 660
3375 1075
3375 1184
3375 1125
3375 1197
3375 1082
3375 1276
3375 1316
3375 1454
3375 1453
3375 1453
3375 1194
3375 1098
3375 944
3375 1406
3376 758
3376 660
3376 726
3376 1115
3376 904
3376 1434
3376 1441
3377 1017
3377 1089
3377 660
3377 814
3377 1180
3377 1203
3377 1322
3378 1129
3378 662
3378 1206
3378 1207
3378 1248
3378 779
3378 1292
3378 998
3378 1322
3378 1358
3378 1438
3378 988
3378 1450
3379 1028
3379 663
3379 1096
3379 1222
3379 1380
3379 1104
3380 714
3380 663
3380 1073
3380 1070
3380 974
3380 1351
3380 926
3380 1343
3381 663
3381 1132
3381 1142
3381 1466
3381 1302
3381 776
3381 902
3381 1467
3381 1139
3381 1393
3381 1350
3381 942
3381 987
3381 1340
3381 713
3381 1409
3382 924
3382 946
3382 1311
3382 677
3382 1334
3382 1438
3382 1351
3382 1424
3382 1120
3382 800
3382 914
3383 1068
3383 1011
3383 1191
3383 1192
3383 1198
3383 677
3383 1145
3383 1194
3383 1296
3383 1440
3383 1384
3383 1340
3384 856
3384 1203
3384 677
3384 1357
3384 1016
3385 706
3385 744
3385 1241
3385 1265
3385 1307
3385 969
3385 968
3385 680
3386 1075
3386 1112
3386 684
3386 881
3386 1390
3386 1350
3386 1003
3386 853
3387 1091
3387 1156
3387 1184
3387 686
3387 1174
3387 1350
3387 942
3387 1158
3388 763
3388 1250
3388 1348
3388 690
3388 1314
3389 714
3389 924
3389 856
3389 1069
3389 694
3389 1276
3390 696
3390 1019
3390 994
3390 1316
3390 1430
3390 1389
3391 696
3391 1022
3391 1350
3391 1012
3391 1309
3392 935
3392 805
3392 697
3392 759
3393 1099
3393 1100
3393 700
3393 1239
3393 1404
3393 806
3393 1085
3394 819
3394 1094
3394 812
3394 812
3394 812
3394 1126
3394 932
3394 1292
3394 1371
3394 967
3394 1327
3394 1421
3394 700
3394 1161
3394 987
3394 751
3394 1117
3394 1020
3394 898
3395 701
3395 1332
3395 1327
3395 842
3395 1450
3395 1296
3395 1430
3395 1357
3395 942
3395 1389
3395 1366
3396 701
3396 1303
3396 1295
3396 1431
3396 1249
3396 820
3396 917
3396 1407
3396 1366
3397 702
3397 1124
3397 1202
3397 788
3397 928
3397 1453
3397 1453
3397 854
3397 1284
3398 714
3398 703
3398 745
3398 834
3398 1176
3399 704
3399 1079
3399 1158
3399 1414
3399 1428
3399 1038
3399 1016
3399 900
3400 704
3400 1232
3400 934
3400 928
3400 1362
3400 1259
3400 1433
3400 1269
3400 1014
3401 884
3401 794
3401 705
3401 1195
3401 1428
3402 706
3402 717
3402 1019
3402 1132
3402 814
3402 1282
3402 1393
3402 944
3402 1081
3403 708
3403 1288
3403 1029
3403 1077
3403 1113
3403 820
3404 708
3404 895
3404 726
3404 1064
3404 1236
3404 1387
3405 708
3405 1412
3405 976
3405 1396
3405 1459
3405 1433
3405 1437
3405 1295
3405 1384
3405 1158
3405 426
3405 1407
3406 788
3406 753
3406 996
3406 1342
3406 1117
3406 713
3407 717
3407 910
3407 1075
3407 1171
3407 1393
3408 706
3408 717
3408 1019
3408 725
3408 761
3408 1128
3408 958
3408 1395
3409 717
3409 938
3409 1302
3409 940
3409 1043
3410 719
3410 833
3410 862
3410 1021
3410 932
3411 719
3411 719
3411 732
3411 732
3411 732
3411 1077
3411 719
3412 744
3412 929
3412 1024
3412 723
3412 1147
3413 1062
3413 862
3413 723
3413 1335
3413 1298
3413 1318
3413 1432
3413 853
3413 1009
3413 1155
3414 1044
3414 723
3414 1332
3414 967
3414 1443
3414 1460
3414 987
3414 1453
3414 820
3415 725
3415 1207
3415 1248
3415 1213
3415 1191
3415 1145
3415 1298
3415 1259
3415 1431
3415 1448
3415 1447
3416 726
3416 907
3416 1281
3416 769
3416 462
3417 910
3417 1208
3417 1074
3417 726
3417 1236
3417 1143
3417 1171
3417 1281
3417 1316
3418 729
3418 1282
3418 1199
3418 1276
3418 1360
3418 1361
3418 1362
3418 1400
3418 1453
3418 1434
3418 1452
3418 987
3419 1402
3419 735
3419 1420
3419 1188
3419 1220
3420 780
3420 737
3420 1022
3420 1314
3420 1274
3420 974
3421 741
3421 826
3421 942
3421 944
3421 945
3421 1148
3422 743
3422 743
3422 743
3422 743
3422 743
3422 743
3423 744
3423 1151
3423 1363
3423 1195
3423 1428
3424 745
3424 1070
3424 1246
3424 1163
3424 1404
3424 1364
3425 1055
3425 746
3425 1220
3425 974
3425 1263
3425 1384
3425 1291
3425 959
3425 799
3425 321
3425 1275
3425 852
3425 1168
3426 1090
3426 1171
3426 1349
3426 940
3426 1054
3426 746
3426 1113
3426 914
3427 747
3427 841
3427 865
3427 933
3427 1278
3428 747
3428 749
3428 789
3428 865
3428 933
3429 812
3429 909
3429 1283
3429 1299
3429 1387
3429 751
3430 1264
3430 1109
3430 1429
3430 751
3430 1385
3431 950
3431 1098
3431 751
3431 1267
3431 852
3432 999
3432 753
3432 1294
3432 1419
3432 1376
3432 1305
3433 754
3433 791
3433 792
3433 793
3433 915
3434 758
3434 1094
3434 1106
3434 722
3434 803
3434 1246
3434 1358
3435 865
3435 758
3435 911
3435 819
3435 1019
3435 983
3436 759
3436 862
3436 1156
3436 1128
3436 1190
3436 950
3436 1077
3436 1399
3436 987
3436 1043
3437 760
3437 770
3437 1148
3437 1293
3438 861
3438 1023
3438 761
3438 997
3438 1374
3438 1431
3439 761
3439 862
3439 1162
3439 1271
3439 1077
3440 763
3440 997
3440 1224
3440 1353
3440 962
3440 169
3440 1388
3441 837
3441 1145
3441 1334
3441 767
3441 941
3442 1094
3442 1063
3442 1182
3442 767
3442 1406
3442 944
3442 1444
3443 1122
3443 803
3443 1303
3443 1247
3443 1332
3443 1400
3443 1397
3443 767
3444 768
3444 1208
3444 1163
3444 347
3444 1107
3445 1024
3445 1142
3445 862
3445 812
3445 1082
3445 769
3445 1332
3445 1387
3445 1038
3445 1161
3445 898
3446 1062
3446 1205
3446 1314
3446 769
3446 853
3447 455
3447 1082
3447 769
3447 1441
3447 942
3447 863
3448 930
3448 956
3448 1342
3448 1316
3448 976
3448 1357
3448 1451
3448 1220
3448 1280
3448 771
3448 972
3448 1324
3448 1340
3448 1408
3449 773
3449 935
3449 944
3449 941
3449 1161
3450 1129
3450 773
3450 1116
3450 1245
3450 986
3450 1370
3450 835
3450 1015
3450 1009
3451 774
3451 1091
3451 1335
3451 1277
3451 792
3451 1121
3451 806
3452 1112
3452 1125
3452 779
3452 1164
3452 1082
3452 1434
3452 1262
3453 787
3453 1144
3453 955
3453 1205
3453 816
3454 1156
3454 788
3454 1303
3454 1370
3454 1371
3455 789
3455 829
3455 1088
3455 1091
3455 1092
3455 982
3455 1093
3456 790
3456 1198
3456 1195
3456 1450
3456 942
3457 830
3457 796
3457 1292
3457 1199
3457 988
3457 1326
3457 1253
3458 1183
3458 797
3458 904
3458 1158
3458 1453
3459 1245
3459 1412
3459 1139
3459 1425
3459 800
3460 803
3460 1234
3460 1198
3460 986
3460 1145
3460 1395
3460 1397
3460 1014
3460 1081
3460 987
3460 1448
3460 820
3460 1133
3460 82
3461 803
3461 1127
3461 1236
3461 999
3461 1316
3461 1438
3462 810
3462 1376
3462 820
3462 598
3462 847
3462 607
3463 985
3463 1092
3463 1062
3463 1169
3463 812
3464 1001
3464 929
3464 812
3464 1465
3464 950
3464 1243
3464 1188
3464 983
3465 1124
3465 1011
3465 812
3465 1294
3465 1282
3465 1371
3466 1137
3466 814
3466 812
3466 1205
3466 1165
3466 1244
3466 941
3466 942
3466 944
3466 826
3466 1081
3466 1441
3467 1317
3467 1435
3467 815
3467 1081
3467 1456
3468 851
3468 818
3468 903
3468 1213
3468 815
3468 1404
3469 1435
3469 1432
3469 815
3469 1219
3469 1406
3470 1112
3470 816
3470 1258
3470 1292
3470 998
3471 1066
3471 862
3471 1126
3471 816
3471 1199
3471 1367
3471 1412
3471 1397
3472 706
3472 819
3472 1035
3472 956
3472 1043
3472 1461
3473 1421
3473 1337
3473 1388
3473 1249
3473 1043
3473 820
3474 987
3474 1461
3474 820
3474 1340
3474 1060
3475 1384
3475 1457
3475 820
3475 1329
3475 1408
3476 984
3476 1164
3476 694
3476 1432
3476 820
3476 847
3477 1092
3477 856
3477 1106
3477 455
3477 1206
3477 1225
3477 1043
3477 1117
3477 820
3477 852
3477 235
3478 945
3478 983
3478 941
3478 944
3478 826
3479 826
3479 941
3479 944
3479 1262
3479 1351
3480 1058
3480 845
3480 1469
3480 986
3480 995
3480 1277
3480 1390
3480 826
3480 1154
3481 943
3481 1406
3481 944
3481 826
3481 983
3481 1406
3481 1441
3481 941
3481 1014
3481 1018
3481 1037
3481 1043
3481 945
3481 1045
3481 1262
3481 1263
3481 1331
3481 1379
3481 1272
3482 1424
3482 826
3482 1449
3482 1384
3482 598
3483 1074
3483 1076
3483 862
3483 1162
3483 830
3483 1400
3483 1077
3483 1326
3483 1325
3483 1043
3483 820
3483 1407
3484 830
3484 949
3484 924
3484 1071
3484 1394
3485 834
3485 1134
3485 996
3485 1435
3485 1167
3486 758
3486 1091
3486 1129
3486 756
3486 845
3486 1428
3486 1014
3486 1320
3486 931
3486 1376
3487 851
3487 924
3487 1075
3487 1086
3487 959
3488 1001
3488 894
3488 1144
3488 1314
3488 1382
3488 852
3489 1190
3489 1182
3489 1370
3489 1316
3489 1327
3489 1414
3489 942
3489 852
3490 1191
3490 1052
3490 853
3490 1108
3491 1051
3491 907
3491 1164
3491 1234
3491 1294
3491 1194
3491 853
3491 517
3491 351
3491 1448
3491 339
3491 1187
3492 1119
3492 1454
3492 1018
3492 853
3492 1121
3492 799
3492 598
3492 1408
3493 988
3493 854
3493 1277
3493 940
3493 981
3494 856
3494 1069
3494 1332
3494 1350
3494 1188
3495 884
3495 856
3495 1015
3495 1337
3495 1253
3495 1305
3496 857
3496 1056
3496 1211
3496 1278
3496 877
3497 1178
3497 859
3497 935
3497 935
3497 935
3498 910
3498 861
3498 1023
3498 908
3498 1068
3498 903
3498 1205
3499 862
3499 1162
3499 764
3499 1077
3499 1406
3500 862
3500 1162
3500 1327
3500 942
3500 1280
3500 1364
3501 929
3501 862
3501 1160
3501 1245
3501 1163
3502 863
3502 1389
3502 1388
3502 1389
3502 1272
3503 1292
3503 1382
3503 863
3503 1114
3503 1113
3503 1305
3503 898
3503 1133
3504 1349
3504 941
3504 1321
3504 882
3504 1347
3504 1114
3504 245
3504 1449
3505 885
3505 1255
3505 1102
3505 1103
3505 1096
3506 974
3506 891
3506 1095
3506 798
3506 519
3506 1430
3507 1035
3507 821
3507 891
3507 967
3507 1390
3507 1407
3508 936
3508 894
3508 1203
3508 1320
3508 1267
3509 896
3509 1079
3509 1083
3509 1165
3509 1431
3510 1169
3510 1264
3510 1299
3510 1202
3510 904
3510 1195
3510 1433
3511 938
3511 1116
3511 778
3511 904
3511 1458
3511 941
3511 1321
3512 1137
3512 1206
3512 907
3512 1427
3512 1437
3512 1444
3513 908
3513 993
3513 1167
3513 1220
3513 1320
3513 1407
3514 1122
3514 977
3514 1263
3514 1448
3514 931
3515 936
3515 1142
3515 1190
3515 1271
3515 1160
3515 1330
3515 986
3515 1414
3515 931
3515 964
3516 933
3516 990
3516 1057
3516 1085
3516 1279
3517 941
3517 942
3517 944
3517 945
3517 1015
3517 1161
3517 1081
3517 1256
3518 1452
3518 1429
3518 1015
3518 943
3518 987
3518 1113
3518 1381
3518 1060
3519 1094
3519 994
3519 1018
3519 942
3519 1407
3520 946
3520 1044
3520 1244
3520 1298
3520 1391
3520 1446
3520 1389
3521 949
3521 1059
3521 1425
3521 554
3521 1337
3521 1321
3522 911
3522 1072
3522 955
3522 1051
3522 1412
3523 1024
3523 1086
3523 955
3523 1170
3523 1200
3523 1359
3524 1084
3524 1265
3524 1300
3524 956
3524 1307
3524 1081
3525 1321
3525 959
3525 1380
3525 713
3525 1085
3525 1366
3526 1094
3526 1371
3526 968
3526 1421
3526 981
3526 1009
3526 1043
3526 1113
3526 1384
3526 1407
3527 821
3527 1264
3527 968
3527 1269
3527 1365
3528 983
3528 1388
3528 1239
3528 1219
3528 1009
3529 984
3529 1068
3529 1128
3529 169
3529 1043
3529 642
3530 1062
3530 1067
3530 1079
3530 1429
3530 746
3530 1320
3530 987
3530 1113
3531 1094
3531 1078
3531 1083
3531 988
3531 1252
3531 1256
3531 1267
3532 1079
3532 1169
3532 999
3532 1191
3532 1267
3533 999
3533 1361
3533 1362
3533 1194
3533 1449
3533 1384
3533 1365
3534 1057
3534 1007
3534 377
3534 376
3534 428
3535 1430
3535 1428
3535 1432
3535 1261
3535 1460
3535 1008
3536 1152
3536 874
3536 793
3536 1008
3536 1460
3537 1017
3537 1106
3537 1169
3537 1184
3537 1369
3538 1017
3538 1073
3538 1134
3538 803
3538 1453
3539 1019
3539 1310
3539 1400
3539 1188
3539 680
3540 1024
3540 1035
3540 557
3540 1369
3540 1358
3541 1027
3541 1152
3541 803
3541 1271
3541 1311
3541 1247
3541 1374
3541 1249
3542 1068
3542 1073
3542 1141
3542 1086
3542 1125
3543 1072
3543 1152
3543 1213
3543 1183
3543 1266
3544 1105
3544 1083
3544 1170
3544 1416
3545 1090
3545 1303
3545 1458
3545 1291
3545 1449
3546 1110
3546 1307
3546 1342
3547 1128
3547 1303
3547 778
3547 1332
3547 1420
3547 473
3548 1382
3548 1145
3548 1334
3548 1359
3548 1350
3548 931
3549 1156
3549 1469
3549 1334
3549 1359
3549 409
3550 722
3550 1177
3550 258
3550 1348
3550 1444
3551 322
3551 881
3551 1234
3551 1202
3551 1224
3552 1237
3552 12
3552 33
3552 109
3552 477
3552 973
3552 1036
3553 1300
3553 1259
3553 1434
3553 1240
3553 1432
3554 1412
3554 1037
3554 1441
3554 1256
3554 1471
3555 884
3555 1292
3555 1301
3555 900
3555 1408
3556 11
3556 33
3556 109
3556 463
3556 487
3556 1036
3557 54
3557 515
3557 712
3557 752
3557 786
3557 850
3557 872
3557 912
3558 54
3558 515
3558 712
3558 752
3558 786
3558 850
3558 872
3558 912
3559 54
3559 515
3559 712
3559 752
3559 786
3559 850
3559 872
3559 912
3560 54
3560 515
3560 712
3560 752
3560 786
3560 850
3560 872
3560 912
3561 54
3561 515
3561 712
3561 752
3561 786
3561 850
3561 872
3561 912
3562 54
3562 515
3562 712
3562 752
3562 786
3562 850
3562 872
3562 912
3563 54
3563 515
3563 712
3563 752
3563 786
3563 850
3563 872
3563 912
3564 315
3564 317
3564 335
3564 336
3564 503
3565 773
3565 941
3565 943
3565 945
3565 1161
